id,departure_airport_id,arrival_airport_id,departure_time,arrival_time,airline,flight_no,price,number_of_stops,is_first_flight,second_flight_destination,second_flight_no,original_price,origin_code,shortcut,pure_date,cheapest_price,epic,month,new,created_at,updated_at
8773205,144,45,2014-09-14 09:45:00,2014-09-14 12:33:00,Delta Air Lines,2120,26560,1,t,993,2372,29810,MDW,t,09/14/2014,13810,,September,t,2014-08-17 03:50:06.621562,2014-08-17 03:50:28.45667
8764009,144,190,2014-08-25 16:45:00,2014-08-25 18:59:00,Delta Air Lines,5733,16160,1,t,84,5558,21010,MDW,t,08/25/2014,16510,,August,t,2014-08-17 03:36:36.49002,2014-08-17 03:36:51.832497
8763993,144,45,2014-08-25 10:25:00,2014-08-25 13:10:00,AirTran Airways,112,27760,1,t,817,2629,31410,MDW,t,08/25/2014,29810,t,August,t,2014-08-17 03:36:35.299884,2014-08-17 03:36:51.995688
8764020,144,774,2014-08-25 09:30:00,2014-08-25 13:00:00,AirTran Airways,127,43760,1,t,84,2521,53610,MDW,t,08/25/2014,16160,,August,t,2014-08-17 03:36:36.544182,2014-08-17 03:36:52.005466
8773241,144,774,2014-09-14 06:25:00,2014-09-14 09:55:00,AirTran Airways,144,27760,1,t,817,86,31410,MDW,t,09/14/2014,20660,,September,t,2014-08-17 03:50:09.644099,2014-08-17 03:50:28.466988
8760289,144,45,2014-08-18 15:43:00,2014-08-18 18:43:00,Delta Air Lines,1116,16160,1,t,158,1314,31410,MDW,t,08/18/2014,31410,t,August,t,2014-08-17 03:30:28.060069,2014-08-17 03:31:06.169141
8768318,144,45,2014-09-04 12:25:00,2014-09-04 15:19:00,Delta Air Lines,1648,14560,1,t,140,1339,18510,MDW,t,09/04/2014,18510,t,September,t,2014-08-17 03:43:32.467546,2014-08-17 03:44:01.496058
8768319,144,45,2014-09-04 13:42:00,2014-09-04 16:33:00,Delta Air Lines,2573,14560,1,t,140,1339,18510,MDW,t,09/04/2014,18510,t,September,t,2014-08-17 03:43:32.472632,2014-08-17 03:44:01.506034
8764122,144,774,2014-08-25 11:35:00,2014-08-25 15:05:00,AirTran Airways,231,19610,1,t,928,2738,25410,MDW,t,08/25/2014,16160,,August,t,2014-08-17 03:36:42.205975,2014-08-17 03:36:51.84254
8760419,144,45,2014-08-18 18:12:00,2014-08-18 21:11:00,Delta Air Lines,762,18060,1,t,707,1709,31410,MDW,t,08/18/2014,31410,t,August,t,2014-08-17 03:30:41.996583,2014-08-17 03:31:06.179867
8760394,144,45,2014-08-18 12:27:00,2014-08-18 15:25:00,Delta Air Lines,1648,28760,1,t,92,1100,31410,MDW,t,08/18/2014,31410,t,August,t,2014-08-17 03:30:34.236628,2014-08-17 03:31:06.189034
8787304,144,45,2014-10-13 13:35:00,2014-10-13 16:32:00,Delta Air Lines,2573,17360,1,t,158,1736,29810,MDW,t,10/13/2014,13810,,October,t,2014-08-17 04:10:10.009128,2014-08-17 04:10:42.489311
8787286,144,45,2014-10-13 09:49:00,2014-10-13 12:39:00,Delta Air Lines,2120,26160,1,t,140,1993,29810,MDW,t,10/13/2014,13810,,October,t,2014-08-17 04:10:09.182094,2014-08-17 04:10:42.499181
8768394,144,45,2014-09-04 14:55:00,2014-09-04 17:45:00,AirTran Airways,114,13160,1,t,92,239,18510,MDW,t,09/04/2014,18510,t,September,t,2014-08-17 03:43:38.349906,2014-08-17 03:44:01.514236
8764229,144,45,2014-08-26 06:00:00,2014-08-26 08:48:00,Delta Air Lines,2030,14560,1,t,140,5289,29810,MDW,t,08/26/2014,18860,t,August,t,2014-08-17 03:36:56.822255,2014-08-17 03:37:26.532119
8764230,144,45,2014-08-26 07:15:00,2014-08-26 10:09:00,Delta Air Lines,2031,14560,1,t,140,5289,29810,MDW,t,08/26/2014,18860,t,August,t,2014-08-17 03:36:56.827945,2014-08-17 03:37:26.541656
8764231,144,45,2014-08-26 09:52:00,2014-08-26 12:43:00,Delta Air Lines,2120,14560,1,t,140,4911,29810,MDW,t,08/26/2014,18860,t,August,t,2014-08-17 03:36:56.832784,2014-08-17 03:37:26.549498
8764232,144,45,2014-08-26 12:33:00,2014-08-26 15:30:00,Delta Air Lines,1648,14560,1,t,140,1339,29810,MDW,t,08/26/2014,18860,t,August,t,2014-08-17 03:36:56.837598,2014-08-17 03:37:26.557228
8764233,144,45,2014-08-26 13:53:00,2014-08-26 16:45:00,Delta Air Lines,2573,14560,1,t,140,1339,29810,MDW,t,08/26/2014,18860,t,August,t,2014-08-17 03:36:56.842066,2014-08-17 03:37:26.565366
8760561,144,774,2014-08-18 09:30:00,2014-08-18 13:00:00,AirTran Airways,127,36260,1,t,84,2521,48210,MDW,t,08/18/2014,25760,,August,t,2014-08-17 03:30:51.154379,2014-08-17 03:31:06.220722
8773501,144,45,2014-09-15 18:06:00,2014-09-15 20:57:00,Delta Air Lines,762,10260,1,t,158,1736,13810,MDW,t,09/15/2014,13810,t,September,t,2014-08-17 03:50:33.492006,2014-08-17 03:51:03.497236
8760600,144,45,2014-08-18 07:21:00,2014-08-18 10:14:00,Delta Air Lines,2031,23560,1,t,357,1556,31410,MDW,t,08/18/2014,31410,t,August,t,2014-08-17 03:30:54.850351,2014-08-17 03:31:06.196884
8760602,144,45,2014-08-18 13:45:00,2014-08-18 16:38:00,Delta Air Lines,2573,23560,1,t,357,1209,31410,MDW,t,08/18/2014,31410,t,August,t,2014-08-17 03:30:54.866153,2014-08-17 03:31:06.204795
8773499,144,45,2014-09-15 13:42:00,2014-09-15 16:33:00,Delta Air Lines,2573,10260,1,t,158,1347,13810,MDW,t,09/15/2014,13810,t,September,t,2014-08-17 03:50:33.481236,2014-08-17 03:51:03.474325
8773500,144,45,2014-09-15 15:23:00,2014-09-15 18:18:00,Delta Air Lines,1116,10260,1,t,158,1736,13810,MDW,t,09/15/2014,13810,t,September,t,2014-08-17 03:50:33.486441,2014-08-17 03:51:03.484138
8768632,144,45,2014-09-04 07:00:00,2014-09-04 09:45:00,AirTran Airways,214,15610,1,t,928,3160,18510,MDW,t,09/04/2014,18510,t,September,t,2014-08-17 03:43:54.702265,2014-08-17 03:44:01.522829
8760674,144,45,2014-08-18 06:00:00,2014-08-18 08:50:00,Delta Air Lines,2030,46110,1,t,672,361,49810,MDW,t,08/18/2014,31410,,August,t,2014-08-17 03:30:59.087753,2014-08-17 03:31:06.213655
8760679,144,774,2014-08-18 11:35:00,2014-08-18 15:05:00,AirTran Airways,231,29460,1,t,657,2192,48210,MDW,t,08/18/2014,25760,,August,t,2014-08-17 03:31:00.997635,2014-08-17 03:31:06.227922
8764484,144,45,2014-08-26 14:55:00,2014-08-26 17:45:00,AirTran Airways,114,12160,1,t,759,2399,29810,MDW,t,08/26/2014,18860,t,August,t,2014-08-17 03:37:08.267344,2014-08-17 03:37:26.59678
8764483,144,45,2014-08-26 07:00:00,2014-08-26 09:45:00,AirTran Airways,214,12160,1,t,759,2473,29810,MDW,t,08/26/2014,18860,t,August,t,2014-08-17 03:37:08.255039,2014-08-17 03:37:26.604162
8768393,144,45,2014-09-04 10:25:00,2014-09-04 13:10:00,AirTran Airways,112,13160,1,t,92,5919,18510,MDW,t,09/04/2014,18510,t,September,t,2014-08-17 03:43:38.345301,2014-08-17 03:44:01.533343
8792330,144,45,2014-10-23 06:00:00,2014-10-23 08:47:00,Delta Air Lines,2030,10260,1,t,158,1276,13810,MDW,t,10/23/2014,13810,t,October,t,2014-08-17 04:16:55.060451,2014-08-17 04:17:25.693672
8792347,144,45,2014-10-23 15:25:00,2014-10-23 18:18:00,Delta Air Lines,1116,25060,1,t,158,1736,29810,MDW,t,10/23/2014,13810,,October,t,2014-08-17 04:16:55.218379,2014-08-17 04:17:25.710321
8792432,144,45,2014-10-23 14:55:00,2014-10-23 17:45:00,AirTran Airways,114,11160,1,t,92,239,13810,MDW,t,10/23/2014,13810,t,October,t,2014-08-17 04:17:00.66676,2014-08-17 04:17:25.72136
8760723,144,774,2014-08-19 11:35:00,2014-08-19 15:05:00,AirTran Airways,231,19460,1,t,731,3888,42510,MDW,t,08/19/2014,22860,t,August,t,2014-08-17 03:31:11.372191,2014-08-17 03:31:53.034294
8768693,144,45,2014-09-05 06:00:00,2014-09-05 08:46:00,Delta Air Lines,2030,14060,1,t,975,1423,18510,MDW,t,09/05/2014,18510,t,September,t,2014-08-17 03:44:04.712629,2014-08-17 03:44:31.462022
8764510,144,45,2014-08-26 10:25:00,2014-08-26 13:10:00,AirTran Airways,112,20060,1,t,817,2629,29810,MDW,t,08/26/2014,18860,,August,t,2014-08-17 03:37:09.639932,2014-08-17 03:37:26.614391
8760767,144,45,2014-08-19 07:15:00,2014-08-19 10:09:00,Delta Air Lines,2031,15160,1,t,140,5289,31410,MDW,t,08/19/2014,31410,t,August,t,2014-08-17 03:31:14.911511,2014-08-17 03:31:53.01905
8760749,144,190,2014-08-19 12:25:00,2014-08-19 14:40:00,Delta Air Lines,5835,15160,1,t,975,700,21010,MDW,t,08/19/2014,21010,t,August,t,2014-08-17 03:31:13.699815,2014-08-17 03:31:53.092898
8768696,144,45,2014-09-05 09:45:00,2014-09-05 12:33:00,Delta Air Lines,2120,14060,1,t,975,1199,18510,MDW,t,09/05/2014,18510,t,September,t,2014-08-17 03:44:04.729023,2014-08-17 03:44:31.472414
8768710,144,45,2014-09-05 12:25:00,2014-09-05 15:19:00,Delta Air Lines,1648,14560,1,t,140,1339,18510,MDW,t,09/05/2014,18510,t,September,t,2014-08-17 03:44:05.727717,2014-08-17 03:44:31.482411
8768697,144,45,2014-09-05 18:06:00,2014-09-05 20:57:00,Delta Air Lines,762,14060,1,t,975,1426,18510,MDW,t,09/05/2014,18510,t,September,t,2014-08-17 03:44:04.734318,2014-08-17 03:44:31.50143
8760786,144,45,2014-08-19 13:53:00,2014-08-19 16:45:00,Delta Air Lines,2573,15160,1,t,158,1347,31410,MDW,t,08/19/2014,31410,t,August,t,2014-08-17 03:31:15.792688,2014-08-17 03:31:53.050258
8760782,144,45,2014-08-19 09:57:00,2014-08-19 12:48:00,Delta Air Lines,2120,15160,1,t,158,1695,31410,MDW,t,08/19/2014,31410,t,August,t,2014-08-17 03:31:15.767009,2014-08-17 03:31:53.026691
8760785,144,45,2014-08-19 12:33:00,2014-08-19 15:30:00,Delta Air Lines,1648,15160,1,t,158,1347,31410,MDW,t,08/19/2014,31410,t,August,t,2014-08-17 03:31:15.785906,2014-08-17 03:31:53.041631
8764599,144,45,2014-08-26 18:09:00,2014-08-26 21:05:00,Delta Air Lines,762,23360,1,t,137,1441,29810,MDW,t,08/26/2014,18860,,August,t,2014-08-17 03:37:14.3405,2014-08-17 03:37:26.580248
8764639,144,774,2014-08-26 11:35:00,2014-08-26 15:05:00,AirTran Airways,231,19610,1,t,928,2738,25410,MDW,t,08/26/2014,16160,,August,t,2014-08-17 03:37:16.417148,2014-08-17 03:37:26.589309
8782972,144,45,2014-10-04 06:00:00,2014-10-04 08:45:00,Delta Air Lines,2030,10260,1,t,158,755,13810,MDW,t,10/04/2014,13810,t,October,t,2014-08-17 04:03:49.199947,2014-08-17 04:04:27.46636
8782974,144,45,2014-10-04 09:49:00,2014-10-04 12:37:00,Delta Air Lines,2120,10260,1,t,158,1695,13810,MDW,t,10/04/2014,13810,t,October,t,2014-08-17 04:03:49.209831,2014-08-17 04:04:27.4748
8782975,144,45,2014-10-04 12:20:00,2014-10-04 15:11:00,Delta Air Lines,1648,10260,1,t,158,1347,13810,MDW,t,10/04/2014,13810,t,October,t,2014-08-17 04:03:49.214894,2014-08-17 04:04:27.481956
8782976,144,45,2014-10-04 13:35:00,2014-10-04 16:28:00,Delta Air Lines,2573,10260,1,t,158,1347,13810,MDW,t,10/04/2014,13810,t,October,t,2014-08-17 04:03:49.220182,2014-08-17 04:04:27.489936
8782980,144,45,2014-10-04 16:55:00,2014-10-04 19:50:00,Delta Air Lines,1116,10260,1,t,158,1314,13810,MDW,t,10/04/2014,13810,t,October,t,2014-08-17 04:03:49.243217,2014-08-17 04:04:27.499183
8783036,144,45,2014-10-04 10:25:00,2014-10-04 13:10:00,AirTran Airways,104,11160,1,t,92,2368,13810,MDW,t,10/04/2014,13810,t,October,t,2014-08-17 04:03:58.002322,2014-08-17 04:04:27.506958
8768792,144,45,2014-09-05 14:55:00,2014-09-05 17:45:00,AirTran Airways,114,13160,1,t,92,239,18510,MDW,t,09/05/2014,18510,t,September,t,2014-08-17 03:44:10.44248,2014-08-17 03:44:31.526601
8760844,144,45,2014-08-19 06:00:00,2014-08-19 08:48:00,Delta Air Lines,2030,15160,1,t,151,2528,31410,MDW,t,08/19/2014,31410,t,August,t,2014-08-17 03:31:18.155486,2014-08-17 03:31:53.010513
8760845,144,190,2014-08-19 09:00:00,2014-08-19 11:14:00,Delta Air Lines,5390,15160,1,t,151,5221,21010,MDW,t,08/19/2014,21010,t,August,t,2014-08-17 03:31:18.162697,2014-08-17 03:31:53.065046
8760855,144,45,2014-08-19 18:09:00,2014-08-19 21:05:00,Delta Air Lines,762,33060,1,t,151,2529,38410,MDW,t,08/19/2014,31410,,August,t,2014-08-17 03:31:18.215385,2014-08-17 03:31:53.082225
8764635,144,774,2014-08-26 06:30:00,2014-08-26 10:00:00,AirTran Airways,144,19610,1,t,928,4510,25410,MDW,t,08/26/2014,16160,,August,t,2014-08-17 03:37:16.393881,2014-08-17 03:37:26.624902
8760898,144,190,2014-08-19 18:30:00,2014-08-19 20:43:00,Delta Air Lines,5391,16660,1,t,92,1822,21010,MDW,t,08/19/2014,21010,t,August,t,2014-08-17 03:31:25.275478,2014-08-17 03:31:53.057415
8760899,144,45,2014-08-19 14:55:00,2014-08-19 17:45:00,AirTran Airways,114,20160,1,t,92,239,31410,MDW,t,08/19/2014,31410,t,August,t,2014-08-17 03:31:25.28024,2014-08-17 03:31:53.11278
8764234,144,45,2014-08-26 15:29:00,2014-08-26 18:25:00,Delta Air Lines,1116,14560,1,t,140,1339,29810,MDW,t,08/26/2014,18860,t,August,t,2014-08-17 03:36:56.847138,2014-08-17 03:37:26.572993
8778008,144,45,2014-09-24 06:00:00,2014-09-24 08:47:00,Delta Air Lines,2030,10260,1,t,158,1276,13810,MDW,t,09/24/2014,13810,t,September,t,2014-08-17 03:56:45.048155,2014-08-17 03:57:17.663378
8778010,144,45,2014-09-24 07:00:00,2014-09-24 09:55:00,Delta Air Lines,2031,10260,1,t,158,755,13810,MDW,t,09/24/2014,13810,t,September,t,2014-08-17 03:56:45.059278,2014-08-17 03:57:17.67235
8778014,144,45,2014-09-24 09:45:00,2014-09-24 12:34:00,Delta Air Lines,2120,10260,1,t,158,2361,13810,MDW,t,09/24/2014,13810,t,September,t,2014-08-17 03:56:45.079482,2014-08-17 03:57:17.683543
8778016,144,45,2014-09-24 12:24:00,2014-09-24 15:19:00,Delta Air Lines,1648,10260,1,t,158,2361,13810,MDW,t,09/24/2014,13810,t,September,t,2014-08-17 03:56:45.089245,2014-08-17 03:57:17.692708
8778018,144,45,2014-09-24 13:42:00,2014-09-24 16:36:00,Delta Air Lines,2573,10260,1,t,158,2275,13810,MDW,t,09/24/2014,13810,t,September,t,2014-08-17 03:56:45.098866,2014-08-17 03:57:17.700764
8778019,144,45,2014-09-24 15:23:00,2014-09-24 18:19:00,Delta Air Lines,1116,10260,1,t,158,1736,13810,MDW,t,09/24/2014,13810,t,September,t,2014-08-17 03:56:45.103852,2014-08-17 03:57:17.712332
8778115,144,45,2014-09-24 14:55:00,2014-09-24 17:45:00,AirTran Airways,114,11160,1,t,92,239,13810,MDW,t,09/24/2014,13810,t,September,t,2014-08-17 03:56:50.851644,2014-08-17 03:57:17.728236
8778111,144,45,2014-09-24 07:00:00,2014-09-24 09:45:00,AirTran Airways,214,11160,1,t,92,119,13810,MDW,t,09/24/2014,13810,t,September,t,2014-08-17 03:56:50.828909,2014-08-17 03:57:17.736772
8778114,144,45,2014-09-24 10:25:00,2014-09-24 13:10:00,AirTran Airways,112,11160,1,t,92,5919,13810,MDW,t,09/24/2014,13810,t,September,t,2014-08-17 03:56:50.8465,2014-08-17 03:57:17.747086
8760920,144,190,2014-08-19 07:00:00,2014-08-19 09:13:00,Delta Air Lines,5410,15560,1,t,707,2014,21010,MDW,t,08/19/2014,21010,t,August,t,2014-08-17 03:31:26.38445,2014-08-17 03:31:53.1037
8773906,144,774,2014-09-15 11:35:00,2014-09-15 15:05:00,AirTran Airways,231,12260,1,t,657,2192,14510,MDW,t,09/15/2014,14510,t,September,t,2014-08-17 03:50:57.796614,2014-08-17 03:51:03.454413
8802206,144,45,2014-11-13 06:00:00,2014-11-13 08:54:00,Delta Air Lines,2030,10260,1,t,158,755,13810,MDW,t,11/13/2014,13810,t,November,t,2014-08-17 04:30:52.515892,2014-08-17 04:31:19.389956
8802208,144,45,2014-11-13 07:15:00,2014-11-13 10:06:00,Delta Air Lines,2031,10260,1,t,158,755,13810,MDW,t,11/13/2014,13810,t,November,t,2014-08-17 04:30:52.533014,2014-08-17 04:31:19.398483
8802210,144,45,2014-11-13 13:50:00,2014-11-13 16:40:00,Delta Air Lines,2573,10260,1,t,158,1314,13810,MDW,t,11/13/2014,13810,t,November,t,2014-08-17 04:30:52.544783,2014-08-17 04:31:19.406265
8773497,144,45,2014-09-15 12:25:00,2014-09-15 15:17:00,Delta Air Lines,1648,10260,1,t,158,2275,13810,MDW,t,09/15/2014,13810,t,September,t,2014-08-17 03:50:33.467691,2014-08-17 03:51:03.465145
8760974,144,45,2014-08-19 07:15:00,2014-08-19 10:00:00,AirTran Airways,214,22960,1,t,470,5384,31410,MDW,t,08/19/2014,31410,t,August,t,2014-08-17 03:31:28.669153,2014-08-17 03:31:53.120901
8760978,144,45,2014-08-19 08:00:00,2014-08-19 10:50:00,AirTran Airways,366,22960,1,t,470,62,31410,MDW,t,08/19/2014,31410,t,August,t,2014-08-17 03:31:28.68837,2014-08-17 03:31:53.129347
8764744,144,45,2014-08-27 06:00:00,2014-08-27 08:48:00,Delta Air Lines,2030,14560,1,t,140,5289,29810,MDW,t,08/27/2014,29810,t,August,t,2014-08-17 03:37:31.229268,2014-08-17 03:38:02.564769
8764748,144,45,2014-08-27 12:33:00,2014-08-27 15:30:00,Delta Air Lines,1648,14560,1,t,140,4898,29810,MDW,t,08/27/2014,29810,t,August,t,2014-08-17 03:37:31.253222,2014-08-17 03:38:02.583824
8764749,144,45,2014-08-27 13:53:00,2014-08-27 16:45:00,Delta Air Lines,2573,14560,1,t,140,4898,29810,MDW,t,08/27/2014,29810,t,August,t,2014-08-17 03:37:31.258328,2014-08-17 03:38:02.607806
8797257,144,45,2014-11-03 06:00:00,2014-11-03 08:54:00,Delta Air Lines,2030,10260,1,t,158,755,13810,MDW,t,11/03/2014,13810,t,November,t,2014-08-17 04:24:08.190296,2014-08-17 04:24:35.969118
8797259,144,45,2014-11-03 07:15:00,2014-11-03 10:06:00,Delta Air Lines,2031,10260,1,t,158,755,13810,MDW,t,11/03/2014,13810,t,November,t,2014-08-17 04:24:08.201116,2014-08-17 04:24:35.978519
8797261,144,45,2014-11-03 09:45:00,2014-11-03 12:35:00,Delta Air Lines,2120,10260,1,t,158,1347,13810,MDW,t,11/03/2014,13810,t,November,t,2014-08-17 04:24:08.212046,2014-08-17 04:24:35.987244
8797265,144,45,2014-11-03 12:30:00,2014-11-03 15:20:00,Delta Air Lines,1648,10260,1,t,158,830,13810,MDW,t,11/03/2014,13810,t,November,t,2014-08-17 04:24:08.234054,2014-08-17 04:24:35.996825
8797268,144,45,2014-11-03 13:50:00,2014-11-03 16:40:00,Delta Air Lines,2573,10260,1,t,158,830,13810,MDW,t,11/03/2014,13810,t,November,t,2014-08-17 04:24:08.251347,2014-08-17 04:24:36.005536
8797276,144,45,2014-11-03 15:27:00,2014-11-03 18:18:00,Delta Air Lines,1116,11360,1,t,158,1736,13810,MDW,t,11/03/2014,13810,t,November,t,2014-08-17 04:24:08.297175,2014-08-17 04:24:36.014139
8797270,144,45,2014-11-03 17:55:00,2014-11-03 20:46:00,Delta Air Lines,762,10260,1,t,158,1736,13810,MDW,t,11/03/2014,13810,t,November,t,2014-08-17 04:24:08.263323,2014-08-17 04:24:36.023248
8769040,144,45,2014-09-05 07:00:00,2014-09-05 09:45:00,AirTran Airways,214,15610,1,t,928,3160,18510,MDW,t,09/05/2014,18510,t,September,t,2014-08-17 03:44:22.842529,2014-08-17 03:44:31.537654
8764869,144,45,2014-08-27 10:25:00,2014-08-27 13:10:00,AirTran Airways,112,20160,1,t,92,265,29810,MDW,t,08/27/2014,29810,t,August,t,2014-08-17 03:37:36.765411,2014-08-17 03:38:02.669917
8768711,144,45,2014-09-05 13:55:00,2014-09-05 16:47:00,Delta Air Lines,2573,14560,1,t,140,1339,18510,MDW,t,09/05/2014,18510,t,September,t,2014-08-17 03:44:05.73266,2014-08-17 03:44:31.49238
8768694,144,45,2014-09-05 07:00:00,2014-09-05 09:52:00,Delta Air Lines,2031,14060,1,t,975,1423,18510,MDW,t,09/05/2014,18510,t,September,t,2014-08-17 03:44:04.717905,2014-08-17 03:44:31.512581
8768791,144,45,2014-09-05 10:25:00,2014-09-05 13:10:00,AirTran Airways,112,13160,1,t,92,5919,18510,MDW,t,09/05/2014,18510,t,September,t,2014-08-17 03:44:10.436711,2014-08-17 03:44:31.545581
8761107,144,45,2014-08-19 15:29:00,2014-08-19 18:25:00,Delta Air Lines,1116,22560,1,t,357,1118,31410,MDW,t,08/19/2014,31410,t,August,t,2014-08-17 03:31:39.405135,2014-08-17 03:31:53.073911
8761171,144,774,2014-08-19 06:30:00,2014-08-19 10:00:00,AirTran Airways,144,20610,1,t,928,4510,42510,MDW,t,08/19/2014,22860,t,August,t,2014-08-17 03:31:42.308432,2014-08-17 03:31:53.144603
8769125,144,45,2014-09-06 16:55:00,2014-09-06 19:45:00,Delta Air Lines,762,10260,1,t,158,1736,13810,MDW,t,09/06/2014,13810,t,September,t,2014-08-17 03:44:37.600212,2014-08-17 03:45:04.182665
8769119,144,45,2014-09-06 06:00:00,2014-09-06 08:45:00,Delta Air Lines,2030,10260,1,t,158,1276,13810,MDW,t,09/06/2014,13810,t,September,t,2014-08-17 03:44:37.561429,2014-08-17 03:45:04.191653
8761186,144,774,2014-08-19 09:30:00,2014-08-19 13:00:00,AirTran Airways,127,27860,1,t,657,2192,46310,MDW,t,08/19/2014,22860,,August,t,2014-08-17 03:31:45.824076,2014-08-17 03:31:53.137218
8765008,144,45,2014-08-27 14:55:00,2014-08-27 17:45:00,AirTran Airways,114,24260,1,t,759,2399,29810,MDW,t,08/27/2014,29810,t,August,t,2014-08-17 03:37:43.36996,2014-08-17 03:38:02.650462
8769189,144,45,2014-09-06 14:55:00,2014-09-06 17:45:00,AirTran Airways,114,11160,1,t,92,239,13810,MDW,t,09/06/2014,13810,t,September,t,2014-08-17 03:44:41.837152,2014-08-17 03:45:04.202086
8769186,144,45,2014-09-06 07:00:00,2014-09-06 09:45:00,AirTran Airways,214,11160,1,t,92,119,13810,MDW,t,09/06/2014,13810,t,September,t,2014-08-17 03:44:41.819987,2014-08-17 03:45:04.211922
8769188,144,45,2014-09-06 10:25:00,2014-09-06 13:10:00,AirTran Airways,104,11160,1,t,92,2368,13810,MDW,t,09/06/2014,13810,t,September,t,2014-08-17 03:44:41.831756,2014-08-17 03:45:04.220636
8787809,144,45,2014-10-14 06:00:00,2014-10-14 08:47:00,Delta Air Lines,2030,10260,1,t,158,1276,13810,MDW,t,10/14/2014,13810,t,October,t,2014-08-17 04:10:48.72035,2014-08-17 04:11:20.55151
8787813,144,45,2014-10-14 07:00:00,2014-10-14 09:56:00,Delta Air Lines,2031,10260,1,t,158,755,13810,MDW,t,10/14/2014,13810,t,October,t,2014-08-17 04:10:48.746114,2014-08-17 04:11:20.559916
8787816,144,45,2014-10-14 09:49:00,2014-10-14 12:39:00,Delta Air Lines,2120,10260,1,t,158,1695,13810,MDW,t,10/14/2014,13810,t,October,t,2014-08-17 04:10:48.762959,2014-08-17 04:11:20.567609
8787819,144,45,2014-10-14 12:20:00,2014-10-14 15:14:00,Delta Air Lines,1648,10260,1,t,158,1347,13810,MDW,t,10/14/2014,13810,t,October,t,2014-08-17 04:10:48.780175,2014-08-17 04:11:20.575064
8787821,144,45,2014-10-14 13:42:00,2014-10-14 16:37:00,Delta Air Lines,2573,10260,1,t,158,1736,13810,MDW,t,10/14/2014,13810,t,October,t,2014-08-17 04:10:48.791743,2014-08-17 04:11:20.582534
8787822,144,45,2014-10-14 15:25:00,2014-10-14 18:19:00,Delta Air Lines,1116,10260,1,t,158,1736,13810,MDW,t,10/14/2014,13810,t,October,t,2014-08-17 04:10:48.79708,2014-08-17 04:11:20.590406
8761295,144,45,2014-08-20 09:52:00,2014-08-20 12:43:00,Delta Air Lines,2120,15160,1,t,158,1695,31410,MDW,t,08/20/2014,31410,t,August,t,2014-08-17 03:31:58.767029,2014-08-17 03:32:35.415929
8761297,144,45,2014-08-20 18:09:00,2014-08-20 21:05:00,Delta Air Lines,762,15160,1,t,158,1736,31410,MDW,t,08/20/2014,31410,t,August,t,2014-08-17 03:31:58.780076,2014-08-17 03:32:35.439067
8761284,144,45,2014-08-20 12:33:00,2014-08-20 15:30:00,Delta Air Lines,1648,36260,1,t,140,1339,38410,MDW,t,08/20/2014,31410,,August,t,2014-08-17 03:31:57.883944,2014-08-17 03:32:35.48388
8761357,144,45,2014-08-20 07:15:00,2014-08-20 10:09:00,Delta Air Lines,2031,15160,1,t,151,2528,31410,MDW,t,08/20/2014,31410,t,August,t,2014-08-17 03:32:01.184529,2014-08-17 03:32:35.405559
8761356,144,45,2014-08-20 06:00:00,2014-08-20 08:48:00,Delta Air Lines,2030,15160,1,t,151,2528,31410,MDW,t,08/20/2014,31410,t,August,t,2014-08-17 03:32:01.178481,2014-08-17 03:32:35.395955
8764747,144,45,2014-08-27 09:52:00,2014-08-27 12:43:00,Delta Air Lines,2120,14560,1,t,140,4911,29810,MDW,t,08/27/2014,29810,t,August,t,2014-08-17 03:37:31.247934,2014-08-17 03:38:02.62666
8765153,144,774,2014-08-27 11:35:00,2014-08-27 15:05:00,AirTran Airways,231,19610,1,t,928,2738,25410,MDW,t,08/27/2014,16160,,August,t,2014-08-17 03:37:52.25884,2014-08-17 03:38:02.639197
8765150,144,45,2014-08-27 07:00:00,2014-08-27 09:45:00,AirTran Airways,214,19610,1,t,928,3160,29810,MDW,t,08/27/2014,29810,t,August,t,2014-08-17 03:37:52.239357,2014-08-17 03:38:02.660435
8765149,144,774,2014-08-27 06:30:00,2014-08-27 10:00:00,AirTran Airways,144,19610,1,t,928,4510,25410,MDW,t,08/27/2014,16160,,August,t,2014-08-17 03:37:52.231372,2014-08-17 03:38:02.679154
8761360,144,45,2014-08-20 13:53:00,2014-08-20 16:45:00,Delta Air Lines,2573,15160,1,t,151,2291,31410,MDW,t,08/20/2014,31410,t,August,t,2014-08-17 03:32:01.203674,2014-08-17 03:32:35.426218
8761379,144,190,2014-08-20 09:15:00,2014-08-20 11:29:00,Delta Air Lines,5795,15160,1,t,762,3821,21010,MDW,t,08/20/2014,21010,t,August,t,2014-08-17 03:32:03.049886,2014-08-17 03:32:35.468179
8761377,144,190,2014-08-20 07:00:00,2014-08-20 09:13:00,Delta Air Lines,5410,15160,1,t,762,3821,21010,MDW,t,08/20/2014,21010,t,August,t,2014-08-17 03:32:03.028339,2014-08-17 03:32:35.496632
8769121,144,45,2014-09-06 12:05:00,2014-09-06 14:55:00,Delta Air Lines,1648,10260,1,t,158,2275,13810,MDW,t,09/06/2014,13810,t,September,t,2014-08-17 03:44:37.575692,2014-08-17 03:45:04.173143
8765285,144,45,2014-08-28 18:09:00,2014-08-28 21:05:00,Delta Air Lines,762,36260,1,t,158,1736,38410,MDW,t,08/28/2014,29810,,August,t,2014-08-17 03:38:08.394612,2014-08-17 03:38:41.068057
8802711,144,45,2014-11-14 06:00:00,2014-11-14 08:54:00,Delta Air Lines,2030,10260,1,t,158,1276,13810,MDW,t,11/14/2014,13810,t,November,t,2014-08-17 04:31:24.391488,2014-08-17 04:31:52.030527
8769490,144,45,2014-09-07 06:00:00,2014-09-07 08:46:00,Delta Air Lines,2030,10260,1,t,158,1276,13810,MDW,t,09/07/2014,13810,t,September,t,2014-08-17 03:45:20.319585,2014-08-17 03:45:54.751324
8769496,144,45,2014-09-07 09:45:00,2014-09-07 12:33:00,Delta Air Lines,2120,25060,1,t,158,1695,29810,MDW,t,09/07/2014,13810,,September,t,2014-08-17 03:45:20.358197,2014-08-17 03:45:54.760353
8792913,144,45,2014-10-24 13:35:00,2014-10-24 16:29:00,Delta Air Lines,2573,15160,1,t,151,2291,29810,MDW,t,10/24/2014,13810,,October,t,2014-08-17 04:17:34.925186,2014-08-17 04:18:08.110386
8765404,144,45,2014-08-28 07:15:00,2014-08-28 10:09:00,Delta Air Lines,2031,16160,1,t,707,1412,29810,MDW,t,08/28/2014,29810,t,August,t,2014-08-17 03:38:15.038833,2014-08-17 03:38:41.041622
8761589,144,774,2014-08-20 09:30:00,2014-08-20 13:00:00,AirTran Airways,127,36260,1,t,84,2521,48210,MDW,t,08/20/2014,22860,,August,t,2014-08-17 03:32:13.03106,2014-08-17 03:32:35.529452
8769584,144,45,2014-09-07 07:00:00,2014-09-07 09:45:00,AirTran Airways,214,11160,1,t,92,119,13810,MDW,t,09/07/2014,13810,t,September,t,2014-08-17 03:45:24.613055,2014-08-17 03:45:54.768298
8761620,144,45,2014-08-20 15:29:00,2014-08-20 18:25:00,Delta Air Lines,1116,22560,1,t,357,1118,31410,MDW,t,08/20/2014,31410,t,August,t,2014-08-17 03:32:16.379391,2014-08-17 03:32:35.450066
8765476,144,45,2014-08-28 14:55:00,2014-08-28 17:45:00,AirTran Airways,114,27760,1,t,470,242,29810,MDW,t,08/28/2014,29810,t,August,t,2014-08-17 03:38:18.044195,2014-08-17 03:38:41.076245
8765474,144,45,2014-08-28 07:00:00,2014-08-28 09:45:00,AirTran Airways,214,27760,1,t,470,5384,29810,MDW,t,08/28/2014,29810,t,August,t,2014-08-17 03:38:18.028876,2014-08-17 03:38:41.084231
8765475,144,45,2014-08-28 10:25:00,2014-08-28 13:10:00,AirTran Airways,112,27760,1,t,470,62,29810,MDW,t,08/28/2014,29810,t,August,t,2014-08-17 03:38:18.034371,2014-08-17 03:38:41.091863
8761666,144,190,2014-08-20 12:25:00,2014-08-20 14:40:00,Delta Air Lines,5835,22860,1,t,774,1805,25710,MDW,t,08/20/2014,21010,,August,t,2014-08-17 03:32:24.286063,2014-08-17 03:32:35.476059
8783352,144,45,2014-10-05 06:00:00,2014-10-05 08:47:00,Delta Air Lines,2030,11360,1,t,158,755,13810,MDW,t,10/05/2014,13810,t,October,t,2014-08-17 04:04:42.395404,2014-08-17 04:05:17.546657
8783691,144,45,2014-10-05 07:00:00,2014-10-05 09:58:00,Delta Air Lines,2031,16160,1,t,137,1095,29810,MDW,t,10/05/2014,13810,,October,t,2014-08-17 04:05:00.966978,2014-08-17 04:05:17.555644
8783698,144,45,2014-10-05 13:42:00,2014-10-05 16:37:00,Delta Air Lines,2573,24460,1,t,137,2087,29810,MDW,t,10/05/2014,13810,,October,t,2014-08-17 04:05:01.007313,2014-08-17 04:05:17.563401
8783567,144,45,2014-10-05 15:25:00,2014-10-05 18:19:00,Delta Air Lines,1116,26560,1,t,993,1328,29810,MDW,t,10/05/2014,13810,,October,t,2014-08-17 04:04:54.414511,2014-08-17 04:05:17.572053
8761687,144,774,2014-08-20 11:35:00,2014-08-20 15:05:00,AirTran Airways,231,20610,1,t,928,2738,42510,MDW,t,08/20/2014,22860,t,August,t,2014-08-17 03:32:25.168111,2014-08-17 03:32:35.459926
8761686,144,774,2014-08-20 06:30:00,2014-08-20 10:00:00,AirTran Airways,144,20610,1,t,928,4510,42510,MDW,t,08/20/2014,22860,t,August,t,2014-08-17 03:32:25.162221,2014-08-17 03:32:35.538162
8774017,144,45,2014-09-16 06:00:00,2014-09-16 08:47:00,Delta Air Lines,2030,10260,1,t,158,1276,13810,MDW,t,09/16/2014,13810,t,September,t,2014-08-17 03:51:09.590055,2014-08-17 03:51:39.362045
8774019,144,45,2014-09-16 07:00:00,2014-09-16 09:55:00,Delta Air Lines,2031,10260,1,t,158,755,13810,MDW,t,09/16/2014,13810,t,September,t,2014-08-17 03:51:09.60139,2014-08-17 03:51:39.373751
8774023,144,45,2014-09-16 12:24:00,2014-09-16 15:19:00,Delta Air Lines,1648,10260,1,t,158,2361,13810,MDW,t,09/16/2014,13810,t,September,t,2014-08-17 03:51:09.621807,2014-08-17 03:51:39.390538
8774027,144,45,2014-09-16 13:42:00,2014-09-16 16:36:00,Delta Air Lines,2573,10260,1,t,158,1347,13810,MDW,t,09/16/2014,13810,t,September,t,2014-08-17 03:51:09.711807,2014-08-17 03:51:39.398186
8774028,144,45,2014-09-16 15:23:00,2014-09-16 18:19:00,Delta Air Lines,1116,10260,1,t,158,1347,13810,MDW,t,09/16/2014,13810,t,September,t,2014-08-17 03:51:09.717086,2014-08-17 03:51:39.405349
8774030,144,45,2014-09-16 18:06:00,2014-09-16 21:00:00,Delta Air Lines,762,10260,1,t,158,1736,13810,MDW,t,09/16/2014,13810,t,September,t,2014-08-17 03:51:09.727413,2014-08-17 03:51:39.412723
8774127,144,45,2014-09-16 14:55:00,2014-09-16 17:45:00,AirTran Airways,114,11160,1,t,92,239,13810,MDW,t,09/16/2014,13810,t,September,t,2014-08-17 03:51:14.502166,2014-08-17 03:51:39.420302
8774123,144,45,2014-09-16 07:00:00,2014-09-16 09:45:00,AirTran Airways,214,11160,1,t,92,119,13810,MDW,t,09/16/2014,13810,t,September,t,2014-08-17 03:51:14.479491,2014-08-17 03:51:39.427741
8774126,144,45,2014-09-16 10:25:00,2014-09-16 13:10:00,AirTran Airways,112,11160,1,t,92,5919,13810,MDW,t,09/16/2014,13810,t,September,t,2014-08-17 03:51:14.496677,2014-08-17 03:51:39.435328
8778539,144,45,2014-09-25 06:00:00,2014-09-25 08:47:00,Delta Air Lines,2030,10260,1,t,158,1276,13810,MDW,t,09/25/2014,13810,t,September,t,2014-08-17 03:57:25.642626,2014-08-17 03:58:00.430144
8778540,144,45,2014-09-25 07:00:00,2014-09-25 09:55:00,Delta Air Lines,2031,10260,1,t,158,755,13810,MDW,t,09/25/2014,13810,t,September,t,2014-08-17 03:57:25.652261,2014-08-17 03:58:00.438627
8778553,144,45,2014-09-25 15:23:00,2014-09-25 18:19:00,Delta Air Lines,1116,25060,1,t,158,1736,29810,MDW,t,09/25/2014,13810,,September,t,2014-08-17 03:57:25.723107,2014-08-17 03:58:00.44584
8778898,144,45,2014-09-25 18:06:00,2014-09-25 21:00:00,Delta Air Lines,762,24460,1,t,137,1441,29810,MDW,t,09/25/2014,13810,,September,t,2014-08-17 03:57:49.818954,2014-08-17 03:58:00.453038
8761485,144,45,2014-08-20 07:15:00,2014-08-20 10:00:00,AirTran Airways,214,22960,1,t,470,5384,31410,MDW,t,08/20/2014,31410,t,August,t,2014-08-17 03:32:07.749376,2014-08-17 03:32:35.504672
8761489,144,45,2014-08-20 08:00:00,2014-08-20 10:50:00,AirTran Airways,366,22960,1,t,470,62,31410,MDW,t,08/20/2014,31410,t,August,t,2014-08-17 03:32:07.773278,2014-08-17 03:32:35.512986
8761494,144,45,2014-08-20 10:25:00,2014-08-20 13:10:00,AirTran Airways,112,22960,1,t,470,62,31410,MDW,t,08/20/2014,31410,t,August,t,2014-08-17 03:32:07.800833,2014-08-17 03:32:35.52071
8765664,144,774,2014-08-28 11:35:00,2014-08-28 15:05:00,AirTran Airways,231,19610,1,t,928,2738,25410,MDW,t,08/28/2014,17160,,August,t,2014-08-17 03:38:30.9746,2014-08-17 03:38:41.031884
8765648,144,45,2014-08-28 13:53:00,2014-08-28 16:45:00,Delta Air Lines,2573,17160,1,t,774,1669,29810,MDW,t,08/28/2014,29810,t,August,t,2014-08-17 03:38:29.556209,2014-08-17 03:38:41.059746
8765663,144,774,2014-08-28 06:30:00,2014-08-28 10:00:00,AirTran Airways,144,19610,1,t,928,4510,25410,MDW,t,08/28/2014,17160,,August,t,2014-08-17 03:38:30.96484,2014-08-17 03:38:41.099542
8802675,144,45,2014-11-14 07:15:00,2014-11-14 10:06:00,Delta Air Lines,2031,11560,1,t,975,1423,13810,MDW,t,11/14/2014,13810,t,November,t,2014-08-17 04:31:22.630843,2014-08-17 04:31:52.021916
8803036,144,45,2014-11-14 15:27:00,2014-11-14 18:18:00,Delta Air Lines,1116,24360,1,t,357,1269,29810,MDW,t,11/14/2014,13810,,November,t,2014-08-17 04:31:38.422891,2014-08-17 04:31:52.038683
8765236,144,45,2014-08-28 06:00:00,2014-08-28 08:48:00,Delta Air Lines,2030,15560,1,t,975,1570,29810,MDW,t,08/28/2014,29810,t,August,t,2014-08-17 03:38:06.344722,2014-08-17 03:38:41.019038
8797773,144,45,2014-11-04 06:00:00,2014-11-04 08:54:00,Delta Air Lines,2030,10260,1,t,158,1276,13810,MDW,t,11/04/2014,13810,t,November,t,2014-08-17 04:24:42.857798,2014-08-17 04:25:14.59145
8797777,144,45,2014-11-04 07:15:00,2014-11-04 10:06:00,Delta Air Lines,2031,10260,1,t,158,755,13810,MDW,t,11/04/2014,13810,t,November,t,2014-08-17 04:24:42.880551,2014-08-17 04:25:14.602144
8797780,144,45,2014-11-04 09:45:00,2014-11-04 12:35:00,Delta Air Lines,2120,10260,1,t,158,1347,13810,MDW,t,11/04/2014,13810,t,November,t,2014-08-17 04:24:42.896668,2014-08-17 04:25:14.611236
8797786,144,45,2014-11-04 12:30:00,2014-11-04 15:20:00,Delta Air Lines,1648,10260,1,t,158,830,13810,MDW,t,11/04/2014,13810,t,November,t,2014-08-17 04:24:42.931337,2014-08-17 04:25:14.623267
8797788,144,45,2014-11-04 13:50:00,2014-11-04 16:40:00,Delta Air Lines,2573,10260,1,t,158,1314,13810,MDW,t,11/04/2014,13810,t,November,t,2014-08-17 04:24:42.942392,2014-08-17 04:25:14.632288
8797790,144,45,2014-11-04 15:27:00,2014-11-04 18:18:00,Delta Air Lines,1116,10260,1,t,158,830,13810,MDW,t,11/04/2014,13810,t,November,t,2014-08-17 04:24:42.953087,2014-08-17 04:25:14.648025
8797793,144,45,2014-11-04 17:55:00,2014-11-04 20:46:00,Delta Air Lines,762,10260,1,t,158,1736,13810,MDW,t,11/04/2014,13810,t,November,t,2014-08-17 04:24:42.970286,2014-08-17 04:25:14.659162
8765407,144,45,2014-08-28 09:52:00,2014-08-28 12:43:00,Delta Air Lines,2120,16160,1,t,707,1676,29810,MDW,t,08/28/2014,29810,t,August,t,2014-08-17 03:38:15.057603,2014-08-17 03:38:41.050952
8761752,144,45,2014-08-21 18:09:00,2014-08-21 21:05:00,Delta Air Lines,762,54660,1,t,731,8773,74310,MDW,t,08/21/2014,31410,,August,t,2014-08-17 03:32:38.49324,2014-08-17 03:33:23.134467
8761799,144,45,2014-08-21 06:00:00,2014-08-21 08:48:00,Delta Air Lines,2030,15160,1,t,158,755,31410,MDW,t,08/21/2014,31410,t,August,t,2014-08-17 03:32:44.604371,2014-08-17 03:33:23.100646
8765749,144,45,2014-08-29 06:00:00,2014-08-29 08:48:00,Delta Air Lines,2030,15560,1,t,975,1570,29810,MDW,t,08/29/2014,29810,t,August,t,2014-08-17 03:38:47.347071,2014-08-17 03:39:27.872425
8765751,144,45,2014-08-29 07:15:00,2014-08-29 10:09:00,Delta Air Lines,2031,15560,1,t,975,2400,29810,MDW,t,08/29/2014,29810,t,August,t,2014-08-17 03:38:47.361891,2014-08-17 03:39:27.881604
8765790,144,45,2014-08-29 15:29:00,2014-08-29 18:25:00,Delta Air Lines,1116,17160,1,t,158,1736,29810,MDW,t,08/29/2014,29810,t,August,t,2014-08-17 03:38:49.871068,2014-08-17 03:39:27.916661
8765791,144,45,2014-08-29 18:09:00,2014-08-29 21:05:00,Delta Air Lines,762,17160,1,t,158,1736,29810,MDW,t,08/29/2014,29810,t,August,t,2014-08-17 03:38:49.876949,2014-08-17 03:39:27.924954
8761887,144,190,2014-08-21 09:00:00,2014-08-21 11:14:00,Delta Air Lines,5390,15160,1,t,762,3821,21010,MDW,t,08/21/2014,21010,t,August,t,2014-08-17 03:32:48.922065,2014-08-17 03:33:23.110457
8761908,144,45,2014-08-21 14:55:00,2014-08-21 17:45:00,AirTran Airways,114,20160,1,t,92,239,31410,MDW,t,08/21/2014,31410,t,August,t,2014-08-17 03:32:50.0592,2014-08-17 03:33:23.149278
8788338,144,45,2014-10-15 07:00:00,2014-10-15 09:54:00,Delta Air Lines,2031,10260,1,t,158,755,13810,MDW,t,10/15/2014,13810,t,October,t,2014-08-17 04:11:26.531003,2014-08-17 04:11:57.254701
8788341,144,45,2014-10-15 09:52:00,2014-10-15 12:41:00,Delta Air Lines,2120,10260,1,t,158,2361,13810,MDW,t,10/15/2014,13810,t,October,t,2014-08-17 04:11:26.547451,2014-08-17 04:11:57.263626
8788344,144,45,2014-10-15 13:42:00,2014-10-15 16:35:00,Delta Air Lines,2573,10260,1,t,158,1347,13810,MDW,t,10/15/2014,13810,t,October,t,2014-08-17 04:11:26.562797,2014-08-17 04:11:57.273395
8788305,144,45,2014-10-15 15:25:00,2014-10-15 18:18:00,Delta Air Lines,1116,11560,1,t,975,791,13810,MDW,t,10/15/2014,13810,t,October,t,2014-08-17 04:11:24.528743,2014-08-17 04:11:57.28199
8788455,144,45,2014-10-15 18:10:00,2014-10-15 21:05:00,Delta Air Lines,1686,11260,1,t,92,306,13810,MDW,t,10/15/2014,13810,t,October,t,2014-08-17 04:11:31.192854,2014-08-17 04:11:57.290676
8761939,144,45,2014-08-21 09:52:00,2014-08-21 12:43:00,Delta Air Lines,2120,27760,1,t,707,1676,31410,MDW,t,08/21/2014,31410,t,August,t,2014-08-17 03:32:51.323107,2014-08-17 03:33:23.119303
8769982,144,45,2014-09-08 07:00:00,2014-09-08 09:52:00,Delta Air Lines,2031,11360,1,t,158,755,13810,MDW,t,09/08/2014,13810,t,September,t,2014-08-17 03:46:00.576206,2014-08-17 03:46:40.705933
8769976,144,45,2014-09-08 12:25:00,2014-09-08 15:19:00,Delta Air Lines,1648,10260,1,t,158,2275,13810,MDW,t,09/08/2014,13810,t,September,t,2014-08-17 03:46:00.541945,2014-08-17 03:46:40.713171
8769977,144,45,2014-09-08 13:42:00,2014-09-08 16:33:00,Delta Air Lines,2573,10260,1,t,158,2275,13810,MDW,t,09/08/2014,13810,t,September,t,2014-08-17 03:46:00.547886,2014-08-17 03:46:40.721448
8769979,144,45,2014-09-08 15:23:00,2014-09-08 18:18:00,Delta Air Lines,1116,10260,1,t,158,1347,13810,MDW,t,09/08/2014,13810,t,September,t,2014-08-17 03:46:00.557897,2014-08-17 03:46:40.72937
8769981,144,45,2014-09-08 18:06:00,2014-09-08 20:57:00,Delta Air Lines,762,10260,1,t,158,1736,13810,MDW,t,09/08/2014,13810,t,September,t,2014-08-17 03:46:00.570512,2014-08-17 03:46:40.737663
8788442,144,45,2014-10-15 14:55:00,2014-10-15 17:45:00,AirTran Airways,114,11160,1,t,92,239,13810,MDW,t,10/15/2014,13810,t,October,t,2014-08-17 04:11:31.1144,2014-08-17 04:11:57.298277
8788438,144,45,2014-10-15 07:00:00,2014-10-15 09:45:00,AirTran Airways,214,11160,1,t,92,119,13810,MDW,t,10/15/2014,13810,t,October,t,2014-08-17 04:11:31.075049,2014-08-17 04:11:57.306928
8788441,144,45,2014-10-15 10:25:00,2014-10-15 13:10:00,AirTran Airways,112,11160,1,t,92,5919,13810,MDW,t,10/15/2014,13810,t,October,t,2014-08-17 04:11:31.108813,2014-08-17 04:11:57.315873
8761998,144,45,2014-08-21 07:15:00,2014-08-21 10:00:00,AirTran Airways,214,22960,1,t,470,5384,31410,MDW,t,08/21/2014,31410,t,August,t,2014-08-17 03:32:55.142093,2014-08-17 03:33:23.158557
8761981,144,774,2014-08-21 15:05:00,2014-08-21 18:35:00,AirTran Airways,148,32260,1,t,45,347,42510,MDW,t,08/21/2014,31060,,August,t,2014-08-17 03:32:53.922855,2014-08-17 03:33:23.174656
8761999,144,45,2014-08-21 08:00:00,2014-08-21 10:50:00,AirTran Airways,366,22960,1,t,470,62,31410,MDW,t,08/21/2014,31410,t,August,t,2014-08-17 03:32:55.14867,2014-08-17 03:33:23.182619
8762000,144,45,2014-08-21 10:25:00,2014-08-21 13:10:00,AirTran Airways,112,22960,1,t,470,62,31410,MDW,t,08/21/2014,31410,t,August,t,2014-08-17 03:32:55.172892,2014-08-17 03:33:23.193368
8770080,144,45,2014-09-08 07:00:00,2014-09-08 09:45:00,AirTran Airways,214,11160,1,t,92,119,13810,MDW,t,09/08/2014,13810,t,September,t,2014-08-17 03:46:05.945952,2014-08-17 03:46:40.745831
8770083,144,45,2014-09-08 10:25:00,2014-09-08 13:10:00,AirTran Airways,112,11160,1,t,92,5919,13810,MDW,t,09/08/2014,13810,t,September,t,2014-08-17 03:46:05.964591,2014-08-17 03:46:40.754252
8766033,144,45,2014-08-29 09:52:00,2014-08-29 12:43:00,Delta Air Lines,2120,18160,1,t,759,2483,29810,MDW,t,08/29/2014,29810,t,August,t,2014-08-17 03:39:03.561873,2014-08-17 03:39:27.889694
8765997,144,45,2014-08-29 07:00:00,2014-08-29 09:45:00,AirTran Airways,214,27760,1,t,470,5384,29810,MDW,t,08/29/2014,29810,t,August,t,2014-08-17 03:39:00.892191,2014-08-17 03:39:27.932865
8793325,144,45,2014-10-25 06:00:00,2014-10-25 08:45:00,Delta Air Lines,2030,10260,1,t,158,1276,13810,MDW,t,10/25/2014,13810,t,October,t,2014-08-17 04:18:18.60509,2014-08-17 04:18:58.809578
8793328,144,45,2014-10-25 09:52:00,2014-10-25 12:39:00,Delta Air Lines,2120,10260,1,t,158,1695,13810,MDW,t,10/25/2014,13810,t,October,t,2014-08-17 04:18:18.623618,2014-08-17 04:18:58.818605
8793329,144,45,2014-10-25 12:20:00,2014-10-25 15:11:00,Delta Air Lines,1648,10260,1,t,158,1347,13810,MDW,t,10/25/2014,13810,t,October,t,2014-08-17 04:18:18.630524,2014-08-17 04:18:58.827448
8793330,144,45,2014-10-25 13:35:00,2014-10-25 16:26:00,Delta Air Lines,2573,10260,1,t,158,1347,13810,MDW,t,10/25/2014,13810,t,October,t,2014-08-17 04:18:18.635914,2014-08-17 04:18:58.835397
8793333,144,45,2014-10-25 16:55:00,2014-10-25 19:47:00,Delta Air Lines,1116,10260,1,t,158,1314,13810,MDW,t,10/25/2014,13810,t,October,t,2014-08-17 04:18:18.656678,2014-08-17 04:18:58.843554
8793393,144,45,2014-10-25 14:55:00,2014-10-25 17:45:00,AirTran Airways,114,11160,1,t,92,239,13810,MDW,t,10/25/2014,13810,t,October,t,2014-08-17 04:18:26.376989,2014-08-17 04:18:58.851331
8793390,144,45,2014-10-25 07:00:00,2014-10-25 09:45:00,AirTran Airways,214,11160,1,t,92,119,13810,MDW,t,10/25/2014,13810,t,October,t,2014-08-17 04:18:26.360775,2014-08-17 04:18:58.85915
8793392,144,45,2014-10-25 10:25:00,2014-10-25 13:10:00,AirTran Airways,104,11160,1,t,92,2368,13810,MDW,t,10/25/2014,13810,t,October,t,2014-08-17 04:18:26.371951,2014-08-17 04:18:58.867006
8766049,144,45,2014-08-29 13:53:00,2014-08-29 16:45:00,Delta Air Lines,2573,17160,1,t,817,1296,29810,MDW,t,08/29/2014,29810,t,August,t,2014-08-17 03:39:05.129522,2014-08-17 03:39:27.90857
8762056,144,45,2014-08-21 12:33:00,2014-08-21 15:30:00,Delta Air Lines,1648,27960,1,t,759,2483,31410,MDW,t,08/21/2014,31410,t,August,t,2014-08-17 03:32:58.661961,2014-08-17 03:33:23.127132
8762066,144,45,2014-08-21 15:29:00,2014-08-21 18:25:00,Delta Air Lines,1116,62360,1,t,759,1259,74310,MDW,t,08/21/2014,31410,,August,t,2014-08-17 03:32:58.717019,2014-08-17 03:33:23.141756
8762101,144,774,2014-08-21 09:30:00,2014-08-21 13:00:00,AirTran Airways,127,36260,1,t,84,2521,48210,MDW,t,08/21/2014,31060,,August,t,2014-08-17 03:33:00.682795,2014-08-17 03:33:23.212739
8770238,144,774,2014-09-08 06:25:00,2014-09-08 09:55:00,AirTran Airways,144,12260,1,t,817,86,14510,MDW,t,09/08/2014,14510,t,September,t,2014-08-17 03:46:14.36988,2014-08-17 03:46:40.762153
8765786,144,45,2014-08-29 12:33:00,2014-08-29 15:30:00,Delta Air Lines,1648,17160,1,t,158,2361,29810,MDW,t,08/29/2014,29810,t,August,t,2014-08-17 03:38:49.842016,2014-08-17 03:39:27.898785
8762212,144,774,2014-08-21 11:35:00,2014-08-21 15:05:00,AirTran Airways,231,20610,1,t,928,2738,42510,MDW,t,08/21/2014,31060,t,August,t,2014-08-17 03:33:10.645249,2014-08-17 03:33:23.166442
8762211,144,774,2014-08-21 06:30:00,2014-08-21 10:00:00,AirTran Airways,144,20610,1,t,928,4510,42510,MDW,t,08/21/2014,31060,t,August,t,2014-08-17 03:33:10.639255,2014-08-17 03:33:23.203313
8803195,144,45,2014-11-15 06:00:00,2014-11-15 08:54:00,Delta Air Lines,2030,10260,1,t,158,1276,13810,MDW,t,11/15/2014,13810,t,November,t,2014-08-17 04:31:57.569274,2014-08-17 04:32:25.007682
8766246,144,45,2014-08-30 14:50:00,2014-08-30 17:40:00,Delta Air Lines,2573,14060,1,t,975,791,18510,MDW,t,08/30/2014,18510,t,August,t,2014-08-17 03:39:38.297914,2014-08-17 03:40:18.161963
8770392,144,774,2014-09-08 11:35:00,2014-09-08 15:05:00,AirTran Airways,231,12260,1,t,657,2192,14510,MDW,t,09/08/2014,14510,t,September,t,2014-08-17 03:46:35.494784,2014-08-17 03:46:40.697487
8803198,144,45,2014-11-15 07:15:00,2014-11-15 10:06:00,Delta Air Lines,2031,10260,1,t,158,755,13810,MDW,t,11/15/2014,13810,t,November,t,2014-08-17 04:31:57.586972,2014-08-17 04:32:25.016422
8803199,144,45,2014-11-15 09:45:00,2014-11-15 12:35:00,Delta Air Lines,2120,10260,1,t,158,1695,13810,MDW,t,11/15/2014,13810,t,November,t,2014-08-17 04:31:57.595927,2014-08-17 04:32:25.023998
8803202,144,45,2014-11-15 12:30:00,2014-11-15 15:20:00,Delta Air Lines,1648,10260,1,t,158,830,13810,MDW,t,11/15/2014,13810,t,November,t,2014-08-17 04:31:57.610863,2014-08-17 04:32:25.031443
8803203,144,45,2014-11-15 13:50:00,2014-11-15 16:40:00,Delta Air Lines,2573,10260,1,t,158,1314,13810,MDW,t,11/15/2014,13810,t,November,t,2014-08-17 04:31:57.615842,2014-08-17 04:32:25.039288
8803207,144,45,2014-11-15 15:27:00,2014-11-15 18:18:00,Delta Air Lines,1116,10260,1,t,158,1736,13810,MDW,t,11/15/2014,13810,t,November,t,2014-08-17 04:31:57.636035,2014-08-17 04:32:25.046753
8770504,144,45,2014-09-09 07:00:00,2014-09-09 09:52:00,Delta Air Lines,2031,10260,1,t,158,755,13810,MDW,t,09/09/2014,13810,t,September,t,2014-08-17 03:46:46.293869,2014-08-17 03:47:16.833566
8770508,144,45,2014-09-09 09:45:00,2014-09-09 12:33:00,Delta Air Lines,2120,10260,1,t,158,1695,13810,MDW,t,09/09/2014,13810,t,September,t,2014-08-17 03:46:46.314114,2014-08-17 03:47:16.843655
8770512,144,45,2014-09-09 12:25:00,2014-09-09 15:19:00,Delta Air Lines,1648,10260,1,t,158,2361,13810,MDW,t,09/09/2014,13810,t,September,t,2014-08-17 03:46:46.33638,2014-08-17 03:47:16.852003
8779149,144,45,2014-09-26 10:25:00,2014-09-26 13:10:00,AirTran Airways,112,11160,1,t,92,5919,13810,MDW,t,09/26/2014,13810,t,September,t,2014-08-17 03:58:11.570774,2014-08-17 03:58:34.885157
8783861,144,45,2014-10-06 06:00:00,2014-10-06 08:47:00,Delta Air Lines,2030,10260,1,t,158,1276,13810,MDW,t,10/06/2014,13810,t,October,t,2014-08-17 04:05:23.238008,2014-08-17 04:05:54.121557
8783868,144,45,2014-10-06 07:00:00,2014-10-06 09:56:00,Delta Air Lines,2031,11360,1,t,158,755,13810,MDW,t,10/06/2014,13810,t,October,t,2014-08-17 04:05:23.277625,2014-08-17 04:05:54.129879
8783869,144,45,2014-10-06 09:49:00,2014-10-06 12:39:00,Delta Air Lines,2120,11360,1,t,158,1695,13810,MDW,t,10/06/2014,13810,t,October,t,2014-08-17 04:05:23.28279,2014-08-17 04:05:54.138038
8783965,144,45,2014-10-06 12:20:00,2014-10-06 15:14:00,Delta Air Lines,1648,11260,1,t,92,2100,13810,MDW,t,10/06/2014,13810,t,October,t,2014-08-17 04:05:28.26976,2014-08-17 04:05:54.146034
8783865,144,45,2014-10-06 13:35:00,2014-10-06 16:32:00,Delta Air Lines,2573,10260,1,t,158,1736,13810,MDW,t,10/06/2014,13810,t,October,t,2014-08-17 04:05:23.26178,2014-08-17 04:05:54.15567
8783866,144,45,2014-10-06 18:10:00,2014-10-06 21:05:00,Delta Air Lines,1686,10260,1,t,158,1314,13810,MDW,t,10/06/2014,13810,t,October,t,2014-08-17 04:05:23.267984,2014-08-17 04:05:54.16372
8798295,144,45,2014-11-05 06:00:00,2014-11-05 08:54:00,Delta Air Lines,2030,10260,1,t,158,1276,13810,MDW,t,11/05/2014,13810,t,November,t,2014-08-17 04:25:20.389587,2014-08-17 04:25:52.529792
8798301,144,45,2014-11-05 09:45:00,2014-11-05 12:35:00,Delta Air Lines,2120,10260,1,t,158,1347,13810,MDW,t,11/05/2014,13810,t,November,t,2014-08-17 04:25:20.43786,2014-08-17 04:25:52.538334
8798307,144,45,2014-11-05 12:30:00,2014-11-05 15:20:00,Delta Air Lines,1648,10260,1,t,158,830,13810,MDW,t,11/05/2014,13810,t,November,t,2014-08-17 04:25:20.520588,2014-08-17 04:25:52.54635
8770517,144,45,2014-09-09 15:23:00,2014-09-09 18:18:00,Delta Air Lines,1116,10260,1,t,158,1347,13810,MDW,t,09/09/2014,13810,t,September,t,2014-08-17 03:46:46.368227,2014-08-17 03:47:16.872093
8798309,144,45,2014-11-05 13:50:00,2014-11-05 16:40:00,Delta Air Lines,2573,10260,1,t,158,830,13810,MDW,t,11/05/2014,13810,t,November,t,2014-08-17 04:25:20.614279,2014-08-17 04:25:52.555093
8774550,144,45,2014-09-17 06:00:00,2014-09-17 08:47:00,Delta Air Lines,2030,10260,1,t,158,1276,13810,MDW,t,09/17/2014,13810,t,September,t,2014-08-17 03:51:45.448859,2014-08-17 03:52:23.01354
8774552,144,45,2014-09-17 07:00:00,2014-09-17 09:55:00,Delta Air Lines,2031,10260,1,t,158,755,13810,MDW,t,09/17/2014,13810,t,September,t,2014-08-17 03:51:45.469804,2014-08-17 03:52:23.022336
8774556,144,45,2014-09-17 09:45:00,2014-09-17 12:34:00,Delta Air Lines,2120,10260,1,t,158,2361,13810,MDW,t,09/17/2014,13810,t,September,t,2014-08-17 03:51:45.51053,2014-08-17 03:52:23.029442
8774559,144,45,2014-09-17 12:24:00,2014-09-17 15:19:00,Delta Air Lines,1648,10260,1,t,158,2275,13810,MDW,t,09/17/2014,13810,t,September,t,2014-08-17 03:51:45.534711,2014-08-17 03:52:23.038414
8774561,144,45,2014-09-17 13:42:00,2014-09-17 16:36:00,Delta Air Lines,2573,10260,1,t,158,1347,13810,MDW,t,09/17/2014,13810,t,September,t,2014-08-17 03:51:45.551166,2014-08-17 03:52:23.046062
8774659,144,45,2014-09-17 14:55:00,2014-09-17 17:45:00,AirTran Airways,114,11160,1,t,92,239,13810,MDW,t,09/17/2014,13810,t,September,t,2014-08-17 03:51:51.044989,2014-08-17 03:52:23.05429
8774655,144,45,2014-09-17 07:00:00,2014-09-17 09:45:00,AirTran Airways,214,11160,1,t,92,119,13810,MDW,t,09/17/2014,13810,t,September,t,2014-08-17 03:51:51.022399,2014-08-17 03:52:23.061572
8774658,144,45,2014-09-17 10:25:00,2014-09-17 13:10:00,AirTran Airways,112,11160,1,t,92,5919,13810,MDW,t,09/17/2014,13810,t,September,t,2014-08-17 03:51:51.040001,2014-08-17 03:52:23.069392
8762516,144,774,2014-08-22 15:05:00,2014-08-22 18:35:00,AirTran Airways,148,32260,1,t,45,347,42510,MDW,t,08/22/2014,24760,,August,t,2014-08-17 03:33:46.299383,2014-08-17 03:34:21.285514
8770610,144,45,2014-09-09 14:55:00,2014-09-09 17:45:00,AirTran Airways,114,11160,1,t,92,239,13810,MDW,t,09/09/2014,13810,t,September,t,2014-08-17 03:46:50.976846,2014-08-17 03:47:16.879905
8770606,144,45,2014-09-09 07:00:00,2014-09-09 09:45:00,AirTran Airways,214,11160,1,t,92,119,13810,MDW,t,09/09/2014,13810,t,September,t,2014-08-17 03:46:50.951162,2014-08-17 03:47:16.890091
8770609,144,45,2014-09-09 10:25:00,2014-09-09 13:10:00,AirTran Airways,112,11160,1,t,92,5919,13810,MDW,t,09/09/2014,13810,t,September,t,2014-08-17 03:46:50.970433,2014-08-17 03:47:16.89842
8762533,144,45,2014-08-22 07:15:00,2014-08-22 10:00:00,AirTran Airways,214,22960,1,t,470,5384,31410,MDW,t,08/22/2014,31410,t,August,t,2014-08-17 03:33:47.249259,2014-08-17 03:34:21.233743
8762534,144,45,2014-08-22 08:00:00,2014-08-22 10:50:00,AirTran Airways,366,22960,1,t,470,62,31410,MDW,t,08/22/2014,31410,t,August,t,2014-08-17 03:33:47.254631,2014-08-17 03:34:21.244809
8762597,144,45,2014-08-22 15:29:00,2014-08-22 18:25:00,Delta Air Lines,1116,36560,1,t,759,1259,46510,MDW,t,08/22/2014,31410,,August,t,2014-08-17 03:33:51.289234,2014-08-17 03:34:21.218742
8762605,144,45,2014-08-22 10:25:00,2014-08-22 13:10:00,AirTran Airways,112,27760,1,t,817,2629,31410,MDW,t,08/22/2014,31410,t,August,t,2014-08-17 03:33:52.540657,2014-08-17 03:34:21.259522
8762632,144,45,2014-08-22 18:09:00,2014-08-22 21:05:00,Delta Air Lines,762,34060,1,t,84,1063,38410,MDW,t,08/22/2014,31410,,August,t,2014-08-17 03:33:53.698284,2014-08-17 03:34:21.197892
8762759,144,774,2014-08-22 09:30:00,2014-08-22 13:00:00,AirTran Airways,127,21660,1,t,657,2192,42510,MDW,t,08/22/2014,24760,t,August,t,2014-08-17 03:34:13.88005,2014-08-17 03:34:21.27782
8788859,144,45,2014-10-16 06:00:00,2014-10-16 08:47:00,Delta Air Lines,2030,10260,1,t,158,1276,13810,MDW,t,10/16/2014,13810,t,October,t,2014-08-17 04:12:05.579485,2014-08-17 04:12:45.885
8788861,144,45,2014-10-16 07:00:00,2014-10-16 09:54:00,Delta Air Lines,2031,10260,1,t,158,755,13810,MDW,t,10/16/2014,13810,t,October,t,2014-08-17 04:12:05.592914,2014-08-17 04:12:45.896823
8762744,144,774,2014-08-22 11:35:00,2014-08-22 15:05:00,AirTran Airways,231,20610,1,t,928,2738,42510,MDW,t,08/22/2014,24760,t,August,t,2014-08-17 03:34:09.171088,2014-08-17 03:34:21.188826
8762743,144,774,2014-08-22 06:30:00,2014-08-22 10:00:00,AirTran Airways,144,20610,1,t,928,4510,42510,MDW,t,08/22/2014,24760,t,August,t,2014-08-17 03:34:09.164967,2014-08-17 03:34:21.268592
8762473,144,190,2014-08-22 16:45:00,2014-08-22 18:59:00,Delta Air Lines,5733,31760,1,t,707,1565,37110,MDW,t,08/22/2014,21010,,August,t,2014-08-17 03:33:44.047995,2014-08-17 03:34:21.226773
8766833,144,45,2014-08-31 15:29:00,2014-08-31 18:23:00,Delta Air Lines,1116,21360,1,t,137,1076,29810,MDW,t,08/31/2014,18510,,August,t,2014-08-17 03:41:02.197471,2014-08-17 03:41:14.695833
8770516,144,45,2014-09-09 13:42:00,2014-09-09 16:33:00,Delta Air Lines,2573,10260,1,t,158,1347,13810,MDW,t,09/09/2014,13810,t,September,t,2014-08-17 03:46:46.36245,2014-08-17 03:47:16.862389
8766866,144,45,2014-08-31 13:53:00,2014-08-31 16:45:00,Delta Air Lines,2573,24760,1,t,774,1260,29810,MDW,t,08/31/2014,18510,,August,t,2014-08-17 03:41:03.370094,2014-08-17 03:41:14.687508
8762831,144,45,2014-08-23 08:30:00,2014-08-23 11:22:00,Delta Air Lines,2031,18260,1,t,158,1695,29810,MDW,t,08/23/2014,29810,t,August,t,2014-08-17 03:34:31.217999,2014-08-17 03:35:07.014757
8770502,144,45,2014-09-09 06:00:00,2014-09-09 08:46:00,Delta Air Lines,2030,10260,1,t,158,1276,13810,MDW,t,09/09/2014,13810,t,September,t,2014-08-17 03:46:46.279016,2014-08-17 03:47:16.82464
8762853,144,45,2014-08-23 14:50:00,2014-08-23 17:40:00,Delta Air Lines,2573,18460,1,t,526,1926,29810,MDW,t,08/23/2014,29810,t,August,t,2014-08-17 03:34:32.924335,2014-08-17 03:35:07.032467
8771039,144,45,2014-09-10 07:00:00,2014-09-10 09:52:00,Delta Air Lines,2031,10260,1,t,158,755,13810,MDW,t,09/10/2014,13810,t,September,t,2014-08-17 03:47:22.547223,2014-08-17 03:47:53.859443
8771041,144,45,2014-09-10 09:45:00,2014-09-10 12:33:00,Delta Air Lines,2120,10260,1,t,158,2361,13810,MDW,t,09/10/2014,13810,t,September,t,2014-08-17 03:47:22.562399,2014-08-17 03:47:53.869195
8771042,144,45,2014-09-10 12:25:00,2014-09-10 15:19:00,Delta Air Lines,1648,10260,1,t,158,2361,13810,MDW,t,09/10/2014,13810,t,September,t,2014-08-17 03:47:22.568534,2014-08-17 03:47:53.882895
8771044,144,45,2014-09-10 13:42:00,2014-09-10 16:33:00,Delta Air Lines,2573,10260,1,t,158,2275,13810,MDW,t,09/10/2014,13810,t,September,t,2014-08-17 03:47:22.581848,2014-08-17 03:47:53.891946
8762956,144,45,2014-08-23 10:25:00,2014-08-23 13:10:00,AirTran Airways,104,22960,1,t,470,3929,29810,MDW,t,08/23/2014,29810,t,August,t,2014-08-17 03:34:44.093432,2014-08-17 03:35:07.070592
8771037,144,45,2014-09-10 06:00:00,2014-09-10 08:46:00,Delta Air Lines,2030,10260,1,t,158,1276,13810,MDW,t,09/10/2014,13810,t,September,t,2014-08-17 03:47:22.53287,2014-08-17 03:47:53.847035
8762988,144,45,2014-08-23 14:55:00,2014-08-23 17:45:00,AirTran Airways,114,12160,1,t,759,3722,29810,MDW,t,08/23/2014,29810,t,August,t,2014-08-17 03:34:48.24545,2014-08-17 03:35:07.04044
8762986,144,45,2014-08-23 07:15:00,2014-08-23 10:00:00,AirTran Airways,214,12160,1,t,759,3921,29810,MDW,t,08/23/2014,29810,t,August,t,2014-08-17 03:34:48.232606,2014-08-17 03:35:07.048403
8762989,144,45,2014-08-23 13:25:00,2014-08-23 16:15:00,AirTran Airways,477,12720,1,t,759,3722,29810,MDW,t,08/23/2014,29810,t,August,t,2014-08-17 03:34:48.250567,2014-08-17 03:35:07.060105
8762987,144,45,2014-08-23 08:00:00,2014-08-23 10:50:00,AirTran Airways,366,12160,1,t,759,3921,29810,MDW,t,08/23/2014,29810,t,August,t,2014-08-17 03:34:48.238978,2014-08-17 03:35:07.078805
8763015,144,45,2014-08-23 06:00:00,2014-08-23 08:46:00,Delta Air Lines,2030,21760,1,t,84,1998,29810,MDW,t,08/23/2014,29810,t,August,t,2014-08-17 03:34:50.326673,2014-08-17 03:35:07.023384
8771149,144,45,2014-09-10 14:55:00,2014-09-10 17:45:00,AirTran Airways,114,11160,1,t,92,239,13810,MDW,t,09/10/2014,13810,t,September,t,2014-08-17 03:47:28.281872,2014-08-17 03:47:53.91843
8771145,144,45,2014-09-10 07:00:00,2014-09-10 09:45:00,AirTran Airways,214,11160,1,t,92,119,13810,MDW,t,09/10/2014,13810,t,September,t,2014-08-17 03:47:28.25751,2014-08-17 03:47:53.925956
8771148,144,45,2014-09-10 10:25:00,2014-09-10 13:10:00,AirTran Airways,112,11160,1,t,92,5919,13810,MDW,t,09/10/2014,13810,t,September,t,2014-08-17 03:47:28.276848,2014-08-17 03:47:53.933523
8779537,144,45,2014-09-27 13:45:00,2014-09-27 16:39:00,Delta Air Lines,2573,10260,1,t,158,2275,13810,MDW,t,09/27/2014,13810,t,September,t,2014-08-17 03:58:40.386729,2014-08-17 03:59:05.430248
8779538,144,45,2014-09-27 16:55:00,2014-09-27 19:48:00,Delta Air Lines,762,10260,1,t,158,1736,13810,MDW,t,09/27/2014,13810,t,September,t,2014-08-17 03:58:40.391901,2014-08-17 03:59:05.439328
8779533,144,45,2014-09-27 06:00:00,2014-09-27 08:46:00,Delta Air Lines,2030,10260,1,t,158,1276,13810,MDW,t,09/27/2014,13810,t,September,t,2014-08-17 03:58:40.362457,2014-08-17 03:59:05.447729
8779535,144,45,2014-09-27 07:00:00,2014-09-27 09:56:00,Delta Air Lines,2031,10260,1,t,158,755,13810,MDW,t,09/27/2014,13810,t,September,t,2014-08-17 03:58:40.373654,2014-08-17 03:59:05.457093
8779536,144,45,2014-09-27 12:05:00,2014-09-27 14:56:00,Delta Air Lines,1648,10260,1,t,158,2275,13810,MDW,t,09/27/2014,13810,t,September,t,2014-08-17 03:58:40.37888,2014-08-17 03:59:05.465399
8779598,144,45,2014-09-27 07:00:00,2014-09-27 09:45:00,AirTran Airways,214,11160,1,t,92,119,13810,MDW,t,09/27/2014,13810,t,September,t,2014-08-17 03:58:44.571182,2014-08-17 03:59:05.473884
8779600,144,45,2014-09-27 10:25:00,2014-09-27 13:10:00,AirTran Airways,104,11160,1,t,92,2368,13810,MDW,t,09/27/2014,13810,t,September,t,2014-08-17 03:58:44.582487,2014-08-17 03:59:05.482414
8784379,144,45,2014-10-07 06:00:00,2014-10-07 08:47:00,Delta Air Lines,2030,10260,1,t,158,1276,13810,MDW,t,10/07/2014,13810,t,October,t,2014-08-17 04:06:00.910749,2014-08-17 04:06:40.362686
8784383,144,45,2014-10-07 07:00:00,2014-10-07 09:56:00,Delta Air Lines,2031,10260,1,t,158,755,13810,MDW,t,10/07/2014,13810,t,October,t,2014-08-17 04:06:00.93226,2014-08-17 04:06:40.371795
8784389,144,45,2014-10-07 12:20:00,2014-10-07 15:14:00,Delta Air Lines,1648,10260,1,t,158,2361,13810,MDW,t,10/07/2014,13810,t,October,t,2014-08-17 04:06:00.962422,2014-08-17 04:06:40.380023
8784484,144,45,2014-10-07 14:55:00,2014-10-07 17:45:00,AirTran Airways,114,11160,1,t,92,239,13810,MDW,t,10/07/2014,13810,t,October,t,2014-08-17 04:06:07.602446,2014-08-17 04:06:40.387693
8784480,144,45,2014-10-07 07:00:00,2014-10-07 09:45:00,AirTran Airways,214,11160,1,t,92,119,13810,MDW,t,10/07/2014,13810,t,October,t,2014-08-17 04:06:07.580358,2014-08-17 04:06:40.395059
8784483,144,45,2014-10-07 10:25:00,2014-10-07 13:10:00,AirTran Airways,112,11160,1,t,92,5919,13810,MDW,t,10/07/2014,13810,t,October,t,2014-08-17 04:06:07.597002,2014-08-17 04:06:40.402552
8771200,144,45,2014-09-10 15:23:00,2014-09-10 18:18:00,Delta Air Lines,1116,22960,1,t,707,1846,29810,MDW,t,09/10/2014,13810,,September,t,2014-08-17 03:47:29.474668,2014-08-17 03:47:53.901999
8771207,144,190,2014-09-10 18:30:00,2014-09-10 20:40:00,Delta Air Lines,5391,36160,1,t,707,1565,40910,MDW,t,09/10/2014,12510,,September,t,2014-08-17 03:47:29.532197,2014-08-17 03:47:53.909868
8798800,144,45,2014-11-06 06:00:00,2014-11-06 08:54:00,Delta Air Lines,2030,10260,1,t,158,755,13810,MDW,t,11/06/2014,13810,t,November,t,2014-08-17 04:25:57.86296,2014-08-17 04:26:35.846696
8798803,144,45,2014-11-06 07:15:00,2014-11-06 10:06:00,Delta Air Lines,2031,10260,1,t,158,755,13810,MDW,t,11/06/2014,13810,t,November,t,2014-08-17 04:25:57.878356,2014-08-17 04:26:35.85677
8767328,144,774,2014-09-01 11:35:00,2014-09-01 15:05:00,AirTran Airways,231,27860,1,t,657,4103,31410,MDW,t,09/01/2014,16810,,September,t,2014-08-17 03:42:16.732565,2014-08-17 03:42:20.774346
8763307,144,45,2014-08-24 14:55:00,2014-08-24 17:45:00,AirTran Airways,114,20160,1,t,92,239,29810,MDW,t,08/24/2014,29810,t,August,t,2014-08-17 03:35:31.064419,2014-08-17 03:36:17.660951
8767396,144,45,2014-09-02 13:42:00,2014-09-02 16:33:00,Delta Air Lines,2573,14060,1,t,975,791,18510,MDW,t,09/02/2014,18510,t,September,t,2014-08-17 03:42:23.724285,2014-08-17 03:42:54.630645
8767399,144,45,2014-09-02 15:23:00,2014-09-02 18:18:00,Delta Air Lines,1116,14060,1,t,975,791,18510,MDW,t,09/02/2014,18510,t,September,t,2014-08-17 03:42:23.812832,2014-08-17 03:42:54.638585
8763336,144,45,2014-08-24 07:15:00,2014-08-24 10:09:00,Delta Air Lines,2031,27760,1,t,707,1412,29810,MDW,t,08/24/2014,29810,t,August,t,2014-08-17 03:35:32.979703,2014-08-17 03:36:17.652655
8767414,144,45,2014-09-02 12:25:00,2014-09-02 15:19:00,Delta Air Lines,1648,14560,1,t,140,1339,18510,MDW,t,09/02/2014,18510,t,September,t,2014-08-17 03:42:24.792239,2014-08-17 03:42:54.622771
8767402,144,45,2014-09-02 18:06:00,2014-09-02 20:57:00,Delta Air Lines,762,14060,1,t,975,1426,18510,MDW,t,09/02/2014,18510,t,September,t,2014-08-17 03:42:23.830659,2014-08-17 03:42:54.646454
8767413,144,45,2014-09-02 09:45:00,2014-09-02 12:33:00,Delta Air Lines,2120,14560,1,t,140,1679,18510,MDW,t,09/02/2014,18510,t,September,t,2014-08-17 03:42:24.78647,2014-08-17 03:42:54.654433
8775091,144,45,2014-09-18 06:00:00,2014-09-18 08:47:00,Delta Air Lines,2030,10260,1,t,158,1276,13810,MDW,t,09/18/2014,13810,t,September,t,2014-08-17 03:52:30.103023,2014-08-17 03:53:01.253405
8775092,144,45,2014-09-18 07:00:00,2014-09-18 09:55:00,Delta Air Lines,2031,10260,1,t,158,755,13810,MDW,t,09/18/2014,13810,t,September,t,2014-08-17 03:52:30.110349,2014-08-17 03:53:01.271012
8775506,144,774,2014-09-18 11:35:00,2014-09-18 15:05:00,AirTran Airways,231,12260,1,t,657,2192,14510,MDW,t,09/18/2014,14510,t,September,t,2014-08-17 03:52:55.534132,2014-08-17 03:53:01.281093
8775452,144,45,2014-09-18 15:23:00,2014-09-18 18:19:00,Delta Air Lines,1116,24460,1,t,137,1076,29810,MDW,t,09/18/2014,13810,,September,t,2014-08-17 03:52:49.849149,2014-08-17 03:53:01.304326
8763394,144,45,2014-08-24 07:15:00,2014-08-24 10:00:00,AirTran Airways,214,22960,1,t,470,5384,29810,MDW,t,08/24/2014,29810,t,August,t,2014-08-17 03:35:36.488669,2014-08-17 03:36:17.669303
8763395,144,45,2014-08-24 08:00:00,2014-08-24 10:50:00,AirTran Airways,366,22960,1,t,470,62,29810,MDW,t,08/24/2014,29810,t,August,t,2014-08-17 03:35:36.499229,2014-08-17 03:36:17.677596
8763396,144,45,2014-08-24 10:25:00,2014-08-24 13:10:00,AirTran Airways,112,22960,1,t,470,62,29810,MDW,t,08/24/2014,29810,t,August,t,2014-08-17 03:35:36.505082,2014-08-17 03:36:17.686076
8771573,144,45,2014-09-11 06:00:00,2014-09-11 08:46:00,Delta Air Lines,2030,10260,1,t,158,1276,13810,MDW,t,09/11/2014,13810,t,September,t,2014-08-17 03:47:59.236054,2014-08-17 03:48:26.983385
8771574,144,45,2014-09-11 07:00:00,2014-09-11 09:52:00,Delta Air Lines,2031,10260,1,t,158,755,13810,MDW,t,09/11/2014,13810,t,September,t,2014-08-17 03:47:59.242327,2014-08-17 03:48:26.993866
8771575,144,45,2014-09-11 09:45:00,2014-09-11 12:33:00,Delta Air Lines,2120,10260,1,t,158,1695,13810,MDW,t,09/11/2014,13810,t,September,t,2014-08-17 03:47:59.247682,2014-08-17 03:48:27.009706
8771577,144,45,2014-09-11 13:42:00,2014-09-11 16:33:00,Delta Air Lines,2573,10260,1,t,158,2275,13810,MDW,t,09/11/2014,13810,t,September,t,2014-08-17 03:47:59.257976,2014-08-17 03:48:27.022355
8789736,144,45,2014-10-17 13:35:00,2014-10-17 16:29:00,Delta Air Lines,2573,16160,1,t,137,2052,29810,MDW,t,10/17/2014,13810,,October,t,2014-08-17 04:13:12.838648,2014-08-17 04:13:26.057831
8789749,144,45,2014-10-17 15:25:00,2014-10-17 18:18:00,Delta Air Lines,1116,24460,1,t,137,2052,29810,MDW,t,10/17/2014,13810,,October,t,2014-08-17 04:13:12.922002,2014-08-17 04:13:26.066752
8789488,144,190,2014-10-17 16:35:00,2014-10-17 18:46:00,Delta Air Lines,5366,18960,1,t,92,1822,21010,MDW,t,10/17/2014,12510,,October,t,2014-08-17 04:12:58.061634,2014-08-17 04:13:26.075266
8763605,144,774,2014-08-24 06:30:00,2014-08-24 10:00:00,AirTran Airways,144,19610,1,t,928,4510,25410,MDW,t,08/24/2014,25410,t,August,t,2014-08-17 03:36:07.212082,2014-08-17 03:36:17.696784
8771685,144,45,2014-09-11 14:55:00,2014-09-11 17:45:00,AirTran Airways,114,11160,1,t,92,239,13810,MDW,t,09/11/2014,13810,t,September,t,2014-08-17 03:48:03.803305,2014-08-17 03:48:27.041938
8771684,144,45,2014-09-11 10:25:00,2014-09-11 13:10:00,AirTran Airways,112,11160,1,t,92,5919,13810,MDW,t,09/11/2014,13810,t,September,t,2014-08-17 03:48:03.794976,2014-08-17 03:48:27.056049
8763620,144,774,2014-08-24 09:30:00,2014-08-24 13:00:00,AirTran Airways,127,21660,1,t,657,2192,25410,MDW,t,08/24/2014,25410,t,August,t,2014-08-17 03:36:11.560503,2014-08-17 03:36:17.642395
8794220,144,45,2014-10-27 06:00:00,2014-10-27 08:47:00,Delta Air Lines,2030,10260,1,t,158,755,13810,MDW,t,10/27/2014,13810,t,October,t,2014-08-17 04:19:41.708517,2014-08-17 04:20:14.061845
8794222,144,45,2014-10-27 07:00:00,2014-10-27 09:54:00,Delta Air Lines,2031,10260,1,t,158,755,13810,MDW,t,10/27/2014,13810,t,October,t,2014-08-17 04:19:41.722894,2014-08-17 04:20:14.074224
8794232,144,45,2014-10-27 09:52:00,2014-10-27 12:41:00,Delta Air Lines,2120,11360,1,t,158,1695,13810,MDW,t,10/27/2014,13810,t,October,t,2014-08-17 04:19:41.843241,2014-08-17 04:20:14.08627
8794331,144,45,2014-10-27 12:20:00,2014-10-27 15:13:00,Delta Air Lines,1648,11260,1,t,92,980,13810,MDW,t,10/27/2014,13810,t,October,t,2014-08-17 04:19:47.331567,2014-08-17 04:20:14.098106
8794224,144,45,2014-10-27 13:35:00,2014-10-27 16:29:00,Delta Air Lines,2573,10260,1,t,158,1736,13810,MDW,t,10/27/2014,13810,t,October,t,2014-08-17 04:19:41.79895,2014-08-17 04:20:14.114193
8794225,144,45,2014-10-27 15:25:00,2014-10-27 18:18:00,Delta Air Lines,1116,10260,1,t,158,1736,13810,MDW,t,10/27/2014,13810,t,October,t,2014-08-17 04:19:41.804267,2014-08-17 04:20:14.129392
8794228,144,45,2014-10-27 18:10:00,2014-10-27 21:05:00,Delta Air Lines,1686,10260,1,t,158,1314,13810,MDW,t,10/27/2014,13810,t,October,t,2014-08-17 04:19:41.822025,2014-08-17 04:20:14.144892
8794322,144,45,2014-10-27 14:55:00,2014-10-27 17:45:00,AirTran Airways,114,11160,1,t,92,239,13810,MDW,t,10/27/2014,13810,t,October,t,2014-08-17 04:19:47.285796,2014-08-17 04:20:14.159075
8794321,144,45,2014-10-27 10:25:00,2014-10-27 13:10:00,AirTran Airways,112,11160,1,t,92,5919,13810,MDW,t,10/27/2014,13810,t,October,t,2014-08-17 04:19:47.280415,2014-08-17 04:20:14.173062
8763712,144,45,2014-08-25 15:29:00,2014-08-25 18:25:00,Delta Air Lines,1116,14560,1,t,140,1339,29810,MDW,t,08/25/2014,29810,t,August,t,2014-08-17 03:36:22.289829,2014-08-17 03:36:51.906499
8763713,144,45,2014-08-25 18:09:00,2014-08-25 21:05:00,Delta Air Lines,762,14560,1,t,140,4923,29810,MDW,t,08/25/2014,29810,t,August,t,2014-08-17 03:36:22.29504,2014-08-17 03:36:51.921948
8763733,144,45,2014-08-25 09:52:00,2014-08-25 12:43:00,Delta Air Lines,2120,22060,1,t,158,1695,29810,MDW,t,08/25/2014,29810,t,August,t,2014-08-17 03:36:23.087039,2014-08-17 03:36:51.94178
8771847,144,774,2014-09-11 06:25:00,2014-09-11 09:55:00,AirTran Airways,144,12260,1,t,817,86,14510,MDW,t,09/11/2014,14510,t,September,t,2014-08-17 03:48:10.621308,2014-08-17 03:48:27.066554
8763711,144,45,2014-08-25 13:53:00,2014-08-25 16:45:00,Delta Air Lines,2573,14560,1,t,140,1339,29810,MDW,t,08/25/2014,29810,t,August,t,2014-08-17 03:36:22.283216,2014-08-17 03:36:51.820924
8763724,144,45,2014-08-25 07:15:00,2014-08-25 10:09:00,Delta Air Lines,2031,15160,1,t,158,755,29810,MDW,t,08/25/2014,29810,t,August,t,2014-08-17 03:36:23.032204,2014-08-17 03:36:51.868144
8763710,144,45,2014-08-25 12:33:00,2014-08-25 15:30:00,Delta Air Lines,1648,14560,1,t,140,1339,29810,MDW,t,08/25/2014,29810,t,August,t,2014-08-17 03:36:22.276647,2014-08-17 03:36:51.890345
8784895,144,45,2014-10-08 06:00:00,2014-10-08 08:47:00,Delta Air Lines,2030,10260,1,t,158,755,13810,MDW,t,10/08/2014,13810,t,October,t,2014-08-17 04:06:46.112426,2014-08-17 04:07:21.99042
8784897,144,45,2014-10-08 07:00:00,2014-10-08 09:56:00,Delta Air Lines,2031,10260,1,t,158,755,13810,MDW,t,10/08/2014,13810,t,October,t,2014-08-17 04:06:46.124766,2014-08-17 04:07:22.00049
8784862,144,45,2014-10-08 09:49:00,2014-10-08 12:39:00,Delta Air Lines,2120,11560,1,t,975,1199,13810,MDW,t,10/08/2014,13810,t,October,t,2014-08-17 04:06:44.247499,2014-08-17 04:07:22.009318
8784899,144,45,2014-10-08 13:42:00,2014-10-08 16:37:00,Delta Air Lines,2573,10260,1,t,158,1736,13810,MDW,t,10/08/2014,13810,t,October,t,2014-08-17 04:06:46.136416,2014-08-17 04:07:22.02052
8784999,144,45,2014-10-08 14:55:00,2014-10-08 17:45:00,AirTran Airways,114,11160,1,t,92,239,13810,MDW,t,10/08/2014,13810,t,October,t,2014-08-17 04:06:52.940014,2014-08-17 04:07:22.031632
8784995,144,45,2014-10-08 07:00:00,2014-10-08 09:45:00,AirTran Airways,214,11160,1,t,92,119,13810,MDW,t,10/08/2014,13810,t,October,t,2014-08-17 04:06:52.917421,2014-08-17 04:07:22.042627
8763837,144,45,2014-08-25 08:00:00,2014-08-25 10:50:00,AirTran Airways,366,20160,1,t,92,119,29810,MDW,t,08/25/2014,29810,t,August,t,2014-08-17 03:36:27.494555,2014-08-17 03:36:51.987917
8767825,144,45,2014-09-02 07:00:00,2014-09-02 09:45:00,AirTran Airways,214,15610,1,t,928,3160,18510,MDW,t,09/02/2014,18510,t,September,t,2014-08-17 03:42:44.153896,2014-08-17 03:42:54.66166
8784998,144,45,2014-10-08 10:25:00,2014-10-08 13:10:00,AirTran Airways,112,11160,1,t,92,5919,13810,MDW,t,10/08/2014,13810,t,October,t,2014-08-17 04:06:52.934789,2014-08-17 04:07:22.052173
8799299,144,45,2014-11-07 06:00:00,2014-11-07 08:54:00,Delta Air Lines,2030,10260,1,t,158,1276,13810,MDW,t,11/07/2014,13810,t,November,t,2014-08-17 04:26:42.096795,2014-08-17 04:27:16.122186
8799302,144,45,2014-11-07 07:15:00,2014-11-07 10:06:00,Delta Air Lines,2031,10260,1,t,158,755,13810,MDW,t,11/07/2014,13810,t,November,t,2014-08-17 04:26:42.11577,2014-08-17 04:27:16.131485
8799303,144,45,2014-11-07 13:50:00,2014-11-07 16:40:00,Delta Air Lines,2573,10260,1,t,158,1314,13810,MDW,t,11/07/2014,13810,t,November,t,2014-08-17 04:26:42.123977,2014-08-17 04:27:16.139488
8799318,144,45,2014-11-07 15:27:00,2014-11-07 18:18:00,Delta Air Lines,1116,22060,1,t,158,830,29810,MDW,t,11/07/2014,13810,,November,t,2014-08-17 04:26:42.263492,2014-08-17 04:27:16.147737
8763864,144,190,2014-08-25 12:25:00,2014-08-25 14:40:00,Delta Air Lines,5835,15160,1,t,707,2456,21010,MDW,t,08/25/2014,16510,,August,t,2014-08-17 03:36:28.473601,2014-08-17 03:36:51.962335
8779911,144,45,2014-09-28 07:00:00,2014-09-28 09:55:00,Delta Air Lines,2031,11360,1,t,158,755,13810,MDW,t,09/28/2014,13810,t,September,t,2014-08-17 03:59:14.343596,2014-08-17 03:59:45.201061
8780262,144,45,2014-09-28 15:23:00,2014-09-28 18:19:00,Delta Air Lines,1116,24460,1,t,137,1076,29810,MDW,t,09/28/2014,13810,,September,t,2014-08-17 03:59:31.42569,2014-08-17 03:59:45.209525
8780293,144,45,2014-09-28 18:25:00,2014-09-28 21:20:00,Delta Air Lines,762,24760,1,t,774,1769,29810,MDW,t,09/28/2014,13810,,September,t,2014-08-17 03:59:32.632911,2014-08-17 03:59:45.218151
8772009,144,774,2014-09-11 11:35:00,2014-09-11 15:05:00,AirTran Airways,231,12260,1,t,657,2192,14510,MDW,t,09/11/2014,14510,t,September,t,2014-08-17 03:48:20.809779,2014-08-17 03:48:27.032434
8763914,144,45,2014-08-25 06:00:00,2014-08-25 08:48:00,Delta Air Lines,2030,16160,1,t,470,2342,29810,MDW,t,08/25/2014,29810,t,August,t,2014-08-17 03:36:30.473935,2014-08-17 03:36:51.854414
8763923,144,45,2014-08-25 07:15:00,2014-08-25 10:00:00,AirTran Airways,214,22960,1,t,470,5384,29810,MDW,t,08/25/2014,29810,t,August,t,2014-08-17 03:36:30.525148,2014-08-17 03:36:51.97966
8763966,144,45,2014-08-25 14:55:00,2014-08-25 17:45:00,AirTran Airways,114,12160,1,t,759,2399,29810,MDW,t,08/25/2014,29810,t,August,t,2014-08-17 03:36:32.784649,2014-08-17 03:36:51.970763
8767565,144,45,2014-09-02 06:00:00,2014-09-02 08:45:00,Delta Air Lines,2030,15160,1,t,707,1066,18510,MDW,t,09/02/2014,18510,t,September,t,2014-08-17 03:42:31.304029,2014-08-17 03:42:54.603867
8767412,144,45,2014-09-02 07:00:00,2014-09-02 09:52:00,Delta Air Lines,2031,14560,1,t,140,5177,18510,MDW,t,09/02/2014,18510,t,September,t,2014-08-17 03:42:24.78072,2014-08-17 03:42:54.614535
8767913,144,45,2014-09-03 12:25:00,2014-09-03 15:19:00,Delta Air Lines,1648,14560,1,t,140,1339,18510,MDW,t,09/03/2014,18510,t,September,t,2014-08-17 03:42:58.966817,2014-08-17 03:43:27.631698
8767900,144,45,2014-09-03 13:42:00,2014-09-03 16:33:00,Delta Air Lines,2573,14060,1,t,975,791,18510,MDW,t,09/03/2014,18510,t,September,t,2014-08-17 03:42:57.956535,2014-08-17 03:43:27.639067
8767901,144,45,2014-09-03 18:06:00,2014-09-03 20:57:00,Delta Air Lines,762,14060,1,t,975,1426,18510,MDW,t,09/03/2014,18510,t,September,t,2014-08-17 03:42:57.96569,2014-08-17 03:43:27.646635
8767893,144,45,2014-09-03 06:00:00,2014-09-03 08:46:00,Delta Air Lines,2030,14060,1,t,975,1423,18510,MDW,t,09/03/2014,18510,t,September,t,2014-08-17 03:42:57.914849,2014-08-17 03:43:27.606373
8767895,144,45,2014-09-03 07:00:00,2014-09-03 09:52:00,Delta Air Lines,2031,14060,1,t,975,1423,18510,MDW,t,09/03/2014,18510,t,September,t,2014-08-17 03:42:57.924731,2014-08-17 03:43:27.61526
8767896,144,45,2014-09-03 09:45:00,2014-09-03 12:33:00,Delta Air Lines,2120,14060,1,t,975,2084,18510,MDW,t,09/03/2014,18510,t,September,t,2014-08-17 03:42:57.931159,2014-08-17 03:43:27.624161
8775604,144,45,2014-09-19 06:00:00,2014-09-19 08:47:00,Delta Air Lines,2030,10260,1,t,158,1276,13810,MDW,t,09/19/2014,13810,t,September,t,2014-08-17 03:53:09.057873,2014-08-17 03:53:42.062188
8775957,144,45,2014-09-19 12:24:00,2014-09-19 15:19:00,Delta Air Lines,1648,24460,1,t,137,2087,29810,MDW,t,09/19/2014,13810,,September,t,2014-08-17 03:53:29.66122,2014-08-17 03:53:42.071144
8789871,144,45,2014-10-18 06:00:00,2014-10-18 08:45:00,Delta Air Lines,2030,10260,1,t,158,1276,13810,MDW,t,10/18/2014,13810,t,October,t,2014-08-17 04:13:31.066995,2014-08-17 04:14:06.291108
8789875,144,45,2014-10-18 13:35:00,2014-10-18 16:26:00,Delta Air Lines,2573,10260,1,t,158,1736,13810,MDW,t,10/18/2014,13810,t,October,t,2014-08-17 04:13:31.093849,2014-08-17 04:14:06.300088
8789874,144,45,2014-10-18 09:52:00,2014-10-18 12:39:00,Delta Air Lines,2120,10260,1,t,158,1695,13810,MDW,t,10/18/2014,13810,t,October,t,2014-08-17 04:13:31.08855,2014-08-17 04:14:06.307882
8789939,144,45,2014-10-18 12:20:00,2014-10-18 15:11:00,Delta Air Lines,1648,11260,1,t,92,2100,13810,MDW,t,10/18/2014,13810,t,October,t,2014-08-17 04:13:38.256293,2014-08-17 04:14:06.317622
8789876,144,45,2014-10-18 16:55:00,2014-10-18 19:47:00,Delta Air Lines,1116,10260,1,t,158,1314,13810,MDW,t,10/18/2014,13810,t,October,t,2014-08-17 04:13:31.098745,2014-08-17 04:14:06.331888
8768001,144,45,2014-09-03 14:55:00,2014-09-03 17:45:00,AirTran Airways,114,13160,1,t,92,239,18510,MDW,t,09/03/2014,18510,t,September,t,2014-08-17 03:43:03.795784,2014-08-17 03:43:27.655183
8767997,144,45,2014-09-03 07:00:00,2014-09-03 09:45:00,AirTran Airways,214,13160,1,t,92,119,18510,MDW,t,09/03/2014,18510,t,September,t,2014-08-17 03:43:03.772081,2014-08-17 03:43:27.665415
8768000,144,45,2014-09-03 10:25:00,2014-09-03 13:10:00,AirTran Airways,112,13160,1,t,92,5919,18510,MDW,t,09/03/2014,18510,t,September,t,2014-08-17 03:43:03.790199,2014-08-17 03:43:27.673648
8794729,144,45,2014-10-28 07:00:00,2014-10-28 09:54:00,Delta Air Lines,2031,10260,1,t,158,755,13810,MDW,t,10/28/2014,13810,t,October,t,2014-08-17 04:20:20.134954,2014-08-17 04:20:55.822139
8794733,144,45,2014-10-28 11:20:00,2014-10-28 14:13:00,Delta Air Lines,1648,10260,1,t,158,2361,13810,MDW,t,10/28/2014,13810,t,October,t,2014-08-17 04:20:20.185032,2014-08-17 04:20:55.842934
8794736,144,45,2014-10-28 13:42:00,2014-10-28 16:35:00,Delta Air Lines,2573,10260,1,t,158,1736,13810,MDW,t,10/28/2014,13810,t,October,t,2014-08-17 04:20:20.20393,2014-08-17 04:20:55.86712
8794738,144,45,2014-10-28 15:25:00,2014-10-28 18:18:00,Delta Air Lines,1116,10260,1,t,158,1314,13810,MDW,t,10/28/2014,13810,t,October,t,2014-08-17 04:20:20.220546,2014-08-17 04:20:55.878027
8794811,144,45,2014-10-28 14:55:00,2014-10-28 17:45:00,AirTran Airways,114,11160,1,t,92,239,13810,MDW,t,10/28/2014,13810,t,October,t,2014-08-17 04:20:25.554563,2014-08-17 04:20:55.91054
8794807,144,45,2014-10-28 07:00:00,2014-10-28 09:45:00,AirTran Airways,214,11160,1,t,92,119,13810,MDW,t,10/28/2014,13810,t,October,t,2014-08-17 04:20:25.52998,2014-08-17 04:20:55.920849
8794809,144,45,2014-10-28 10:25:00,2014-10-28 13:10:00,AirTran Airways,112,11160,1,t,92,2368,13810,MDW,t,10/28/2014,13810,t,October,t,2014-08-17 04:20:25.541998,2014-08-17 04:20:55.93912
8799783,144,45,2014-11-08 06:00:00,2014-11-08 08:54:00,Delta Air Lines,2030,10260,1,t,158,755,13810,MDW,t,11/08/2014,13810,t,November,t,2014-08-17 04:27:20.556855,2014-08-17 04:27:47.756781
8799785,144,45,2014-11-08 07:15:00,2014-11-08 10:06:00,Delta Air Lines,2031,10260,1,t,158,755,13810,MDW,t,11/08/2014,13810,t,November,t,2014-08-17 04:27:20.567032,2014-08-17 04:27:47.765542
8799863,144,45,2014-11-08 09:45:00,2014-11-08 12:35:00,Delta Air Lines,2120,11260,1,t,92,1700,13810,MDW,t,11/08/2014,13810,t,November,t,2014-08-17 04:27:25.07183,2014-08-17 04:27:47.773178
8799787,144,45,2014-11-08 12:30:00,2014-11-08 15:20:00,Delta Air Lines,1648,10260,1,t,158,1314,13810,MDW,t,11/08/2014,13810,t,November,t,2014-08-17 04:27:20.583666,2014-08-17 04:27:47.781595
8799790,144,45,2014-11-08 13:50:00,2014-11-08 16:40:00,Delta Air Lines,2573,10260,1,t,158,830,13810,MDW,t,11/08/2014,13810,t,November,t,2014-08-17 04:27:20.598812,2014-08-17 04:27:47.789298
8799791,144,45,2014-11-08 15:27:00,2014-11-08 18:18:00,Delta Air Lines,1116,10260,1,t,158,830,13810,MDW,t,11/08/2014,13810,t,November,t,2014-08-17 04:27:20.603629,2014-08-17 04:27:47.796551
8772226,144,45,2014-09-12 14:55:00,2014-09-12 17:45:00,AirTran Airways,114,11160,1,t,92,239,13810,MDW,t,09/12/2014,13810,t,September,t,2014-08-17 03:48:49.47076,2014-08-17 03:49:12.672374
8772225,144,45,2014-09-12 10:25:00,2014-09-12 13:10:00,AirTran Airways,112,11160,1,t,92,5919,13810,MDW,t,09/12/2014,13810,t,September,t,2014-08-17 03:48:49.465769,2014-08-17 03:49:12.680872
8776083,144,45,2014-09-20 16:55:00,2014-09-20 19:48:00,Delta Air Lines,762,10260,1,t,158,1736,13810,MDW,t,09/20/2014,13810,t,September,t,2014-08-17 03:53:50.201166,2014-08-17 03:54:31.385954
8776084,144,45,2014-09-20 07:00:00,2014-09-20 09:56:00,Delta Air Lines,2031,11360,1,t,158,755,13810,MDW,t,09/20/2014,13810,t,September,t,2014-08-17 03:53:50.205899,2014-08-17 03:54:31.395123
8776082,144,45,2014-09-20 12:05:00,2014-09-20 14:56:00,Delta Air Lines,1648,10260,1,t,158,2275,13810,MDW,t,09/20/2014,13810,t,September,t,2014-08-17 03:53:50.196311,2014-08-17 03:54:31.403326
8776145,144,45,2014-09-20 14:55:00,2014-09-20 17:45:00,AirTran Airways,114,11160,1,t,92,239,13810,MDW,t,09/20/2014,13810,t,September,t,2014-08-17 03:53:56.833893,2014-08-17 03:54:31.411638
8776142,144,45,2014-09-20 07:00:00,2014-09-20 09:45:00,AirTran Airways,214,11160,1,t,92,119,13810,MDW,t,09/20/2014,13810,t,September,t,2014-08-17 03:53:56.817268,2014-08-17 03:54:31.419963
8776144,144,45,2014-09-20 10:25:00,2014-09-20 13:10:00,AirTran Airways,104,11160,1,t,92,2368,13810,MDW,t,09/20/2014,13810,t,September,t,2014-08-17 03:53:56.828947,2014-08-17 03:54:31.427669
8772412,144,45,2014-09-12 18:06:00,2014-09-12 20:57:00,Delta Air Lines,762,24360,1,t,84,1063,29810,MDW,t,09/12/2014,13810,,September,t,2014-08-17 03:48:57.342971,2014-08-17 03:49:12.663372
8780411,144,45,2014-09-29 06:00:00,2014-09-29 08:47:00,Delta Air Lines,2030,10260,1,t,158,1276,13810,MDW,t,09/29/2014,13810,t,September,t,2014-08-17 03:59:50.394345,2014-08-17 04:00:37.700772
8780412,144,45,2014-09-29 07:00:00,2014-09-29 09:55:00,Delta Air Lines,2031,10260,1,t,158,755,13810,MDW,t,09/29/2014,13810,t,September,t,2014-08-17 03:59:50.401198,2014-08-17 04:00:37.708361
8780414,144,45,2014-09-29 13:42:00,2014-09-29 16:36:00,Delta Air Lines,2573,10260,1,t,158,1347,13810,MDW,t,09/29/2014,13810,t,September,t,2014-08-17 03:59:50.41328,2014-08-17 04:00:37.715654
8780570,144,45,2014-09-29 15:23:00,2014-09-29 18:19:00,Delta Air Lines,1116,27760,1,t,707,342,29810,MDW,t,09/29/2014,13810,,September,t,2014-08-17 03:59:59.300054,2014-08-17 04:00:37.724042
8780513,144,45,2014-09-29 14:55:00,2014-09-29 17:45:00,AirTran Airways,114,11160,1,t,92,239,13810,MDW,t,09/29/2014,13810,t,September,t,2014-08-17 03:59:56.907603,2014-08-17 04:00:37.731169
8780673,144,774,2014-09-29 06:25:00,2014-09-29 09:55:00,AirTran Airways,144,12260,1,t,817,86,14510,MDW,t,09/29/2014,14510,t,September,t,2014-08-17 04:00:07.415786,2014-08-17 04:00:37.73836
8785412,144,45,2014-10-09 06:00:00,2014-10-09 08:47:00,Delta Air Lines,2030,10260,1,t,158,1276,13810,MDW,t,10/09/2014,13810,t,October,t,2014-08-17 04:07:27.530002,2014-08-17 04:07:58.909297
8785416,144,45,2014-10-09 07:00:00,2014-10-09 09:56:00,Delta Air Lines,2031,11360,1,t,158,755,13810,MDW,t,10/09/2014,13810,t,October,t,2014-08-17 04:07:27.555852,2014-08-17 04:07:58.925278
8785826,144,774,2014-10-09 11:35:00,2014-10-09 15:05:00,AirTran Airways,231,27860,1,t,657,2192,31410,MDW,t,10/09/2014,20660,,October,t,2014-08-17 04:07:52.395836,2014-08-17 04:07:58.939306
8785553,144,45,2014-10-09 18:10:00,2014-10-09 21:05:00,Delta Air Lines,1686,22960,1,t,707,1709,31410,MDW,t,10/09/2014,13810,,October,t,2014-08-17 04:07:33.566252,2014-08-17 04:07:58.954391
8772620,144,45,2014-09-13 16:55:00,2014-09-13 19:45:00,Delta Air Lines,762,25060,1,t,158,1736,29810,MDW,t,09/13/2014,13810,,September,t,2014-08-17 03:49:20.04971,2014-08-17 03:49:48.875945
8800188,144,45,2014-11-09 06:00:00,2014-11-09 08:54:00,Delta Air Lines,2030,10260,1,t,158,1276,13810,MDW,t,11/09/2014,13810,t,November,t,2014-08-17 04:27:53.083789,2014-08-17 04:28:27.729428
8800190,144,45,2014-11-09 07:15:00,2014-11-09 10:06:00,Delta Air Lines,2031,10260,1,t,158,755,13810,MDW,t,11/09/2014,13810,t,November,t,2014-08-17 04:27:53.095305,2014-08-17 04:28:27.737573
8800191,144,45,2014-11-09 13:50:00,2014-11-09 16:40:00,Delta Air Lines,2573,10260,1,t,158,1314,13810,MDW,t,11/09/2014,13810,t,November,t,2014-08-17 04:27:53.100177,2014-08-17 04:28:27.74517
8790579,144,45,2014-10-19 09:52:00,2014-10-19 12:41:00,Delta Air Lines,2120,24360,1,t,357,1341,29810,MDW,t,10/19/2014,13810,,October,t,2014-08-17 04:14:34.333791,2014-08-17 04:14:48.820624
8790578,144,45,2014-10-19 18:10:00,2014-10-19 21:05:00,Delta Air Lines,1686,22560,1,t,357,1556,29810,MDW,t,10/19/2014,13810,,October,t,2014-08-17 04:14:34.328063,2014-08-17 04:14:48.828813
8790357,144,45,2014-10-19 10:25:00,2014-10-19 13:10:00,AirTran Airways,112,11160,1,t,92,5919,13810,MDW,t,10/19/2014,13810,t,October,t,2014-08-17 04:14:22.717195,2014-08-17 04:14:48.836296
8772684,144,45,2014-09-13 12:05:00,2014-09-13 14:55:00,Delta Air Lines,1648,11260,1,t,92,1800,13810,MDW,t,09/13/2014,13810,t,September,t,2014-08-17 03:49:27.523553,2014-08-17 03:49:48.865818
8772685,144,45,2014-09-13 07:00:00,2014-09-13 09:45:00,AirTran Airways,214,11720,1,t,92,2368,13810,MDW,t,09/13/2014,13810,t,September,t,2014-08-17 03:49:27.52887,2014-08-17 03:49:48.88688
8772682,144,45,2014-09-13 10:25:00,2014-09-13 13:10:00,AirTran Airways,104,11160,1,t,92,2368,13810,MDW,t,09/13/2014,13810,t,September,t,2014-08-17 03:49:27.511435,2014-08-17 03:49:48.899163
8795160,144,45,2014-10-29 07:00:00,2014-10-29 09:54:00,Delta Air Lines,2031,10260,1,t,158,755,13810,MDW,t,10/29/2014,13810,t,October,t,2014-08-17 04:21:01.684863,2014-08-17 04:21:44.603642
8795162,144,45,2014-10-29 12:20:00,2014-10-29 15:13:00,Delta Air Lines,1648,10260,1,t,158,1347,13810,MDW,t,10/29/2014,13810,t,October,t,2014-08-17 04:21:01.697154,2014-08-17 04:21:44.61175
8795164,144,45,2014-10-29 13:42:00,2014-10-29 16:35:00,Delta Air Lines,2573,10260,1,t,158,1736,13810,MDW,t,10/29/2014,13810,t,October,t,2014-08-17 04:21:01.726997,2014-08-17 04:21:44.619258
8795244,144,45,2014-10-29 14:55:00,2014-10-29 17:45:00,AirTran Airways,114,11160,1,t,92,239,13810,MDW,t,10/29/2014,13810,t,October,t,2014-08-17 04:21:07.024022,2014-08-17 04:21:44.636712
8795240,144,45,2014-10-29 07:00:00,2014-10-29 09:45:00,AirTran Airways,214,11160,1,t,92,119,13810,MDW,t,10/29/2014,13810,t,October,t,2014-08-17 04:21:06.955286,2014-08-17 04:21:44.645648
8795242,144,45,2014-10-29 10:25:00,2014-10-29 13:10:00,AirTran Airways,112,11160,1,t,92,2368,13810,MDW,t,10/29/2014,13810,t,October,t,2014-08-17 04:21:07.003953,2014-08-17 04:21:44.653959
8772938,144,774,2014-09-14 11:35:00,2014-09-14 15:05:00,AirTran Airways,231,28860,1,t,731,3888,31410,MDW,t,09/14/2014,20660,,September,t,2014-08-17 03:49:51.964779,2014-08-17 03:50:28.4427
8772615,144,45,2014-09-13 06:00:00,2014-09-13 08:45:00,Delta Air Lines,2030,10260,1,t,158,1276,13810,MDW,t,09/13/2014,13810,t,September,t,2014-08-17 03:49:20.015501,2014-08-17 03:49:48.854829
8786189,144,774,2014-10-10 06:30:00,2014-10-10 10:00:00,AirTran Airways,144,27760,1,t,817,86,36510,MDW,t,10/10/2014,22810,,October,t,2014-08-17 04:08:36.118792,2014-08-17 04:08:57.073821
8780938,144,45,2014-09-30 07:00:00,2014-09-30 09:55:00,Delta Air Lines,2031,10260,1,t,158,755,13810,MDW,t,09/30/2014,13810,t,September,t,2014-08-17 04:00:44.217708,2014-08-17 04:01:16.471214
8780942,144,45,2014-09-30 09:45:00,2014-09-30 12:34:00,Delta Air Lines,2120,10260,1,t,158,2361,13810,MDW,t,09/30/2014,13810,t,September,t,2014-08-17 04:00:44.238571,2014-08-17 04:01:16.479355
8780945,144,45,2014-09-30 12:24:00,2014-09-30 15:19:00,Delta Air Lines,1648,10260,1,t,158,2361,13810,MDW,t,09/30/2014,13810,t,September,t,2014-08-17 04:00:44.259584,2014-08-17 04:01:16.487739
8780949,144,45,2014-09-30 13:42:00,2014-09-30 16:36:00,Delta Air Lines,2573,10260,1,t,158,1347,13810,MDW,t,09/30/2014,13810,t,September,t,2014-08-17 04:00:44.282937,2014-08-17 04:01:16.495543
8780951,144,45,2014-09-30 15:23:00,2014-09-30 18:19:00,Delta Air Lines,1116,10260,1,t,158,1736,13810,MDW,t,09/30/2014,13810,t,September,t,2014-08-17 04:00:44.293364,2014-08-17 04:01:16.503562
8780953,144,45,2014-09-30 18:06:00,2014-09-30 21:00:00,Delta Air Lines,762,10260,1,t,158,1736,13810,MDW,t,09/30/2014,13810,t,September,t,2014-08-17 04:00:44.30706,2014-08-17 04:01:16.511256
8781044,144,45,2014-09-30 14:55:00,2014-09-30 17:45:00,AirTran Airways,114,11160,1,t,92,239,13810,MDW,t,09/30/2014,13810,t,September,t,2014-08-17 04:00:49.538304,2014-08-17 04:01:16.522984
8781040,144,45,2014-09-30 07:00:00,2014-09-30 09:45:00,AirTran Airways,214,11160,1,t,92,119,13810,MDW,t,09/30/2014,13810,t,September,t,2014-08-17 04:00:49.506937,2014-08-17 04:01:16.531255
8781043,144,45,2014-09-30 10:25:00,2014-09-30 13:10:00,AirTran Airways,112,11160,1,t,92,5919,13810,MDW,t,09/30/2014,13810,t,September,t,2014-08-17 04:00:49.531986,2014-08-17 04:01:16.539269
8776787,144,45,2014-09-21 09:45:00,2014-09-21 12:34:00,Delta Air Lines,2120,24460,1,t,137,2133,29810,MDW,t,09/21/2014,13810,,September,t,2014-08-17 03:55:11.230979,2014-08-17 03:55:26.264736
8776788,144,45,2014-09-21 13:37:00,2014-09-21 16:31:00,Delta Air Lines,2573,24460,1,t,137,2087,29810,MDW,t,09/21/2014,13810,,September,t,2014-08-17 03:55:11.235589,2014-08-17 03:55:26.273978
8795588,144,45,2014-10-30 07:00:00,2014-10-30 09:54:00,Delta Air Lines,2031,10260,1,t,158,755,13810,MDW,t,10/30/2014,13810,t,October,t,2014-08-17 04:21:52.373012,2014-08-17 04:22:20.391669
8795589,144,45,2014-10-30 11:20:00,2014-10-30 14:12:00,Delta Air Lines,1648,10260,1,t,158,2361,13810,MDW,t,10/30/2014,13810,t,October,t,2014-08-17 04:21:52.380219,2014-08-17 04:22:20.40354
8795591,144,45,2014-10-30 13:42:00,2014-10-30 16:35:00,Delta Air Lines,2573,10260,1,t,158,1347,13810,MDW,t,10/30/2014,13810,t,October,t,2014-08-17 04:21:52.397254,2014-08-17 04:22:20.41227
8795671,144,45,2014-10-30 14:55:00,2014-10-30 17:45:00,AirTran Airways,114,11160,1,t,92,239,13810,MDW,t,10/30/2014,13810,t,October,t,2014-08-17 04:21:57.165076,2014-08-17 04:22:20.424607
8795669,144,45,2014-10-30 07:00:00,2014-10-30 09:45:00,AirTran Airways,214,11160,1,t,92,119,13810,MDW,t,10/30/2014,13810,t,October,t,2014-08-17 04:21:57.154411,2014-08-17 04:22:20.433258
8790877,144,45,2014-10-20 18:10:00,2014-10-20 21:05:00,Delta Air Lines,1686,11260,1,t,92,306,13810,MDW,t,10/20/2014,13810,t,October,t,2014-08-17 04:14:59.224702,2014-08-17 04:15:31.561841
8786412,144,45,2014-10-11 06:00:00,2014-10-11 08:45:00,Delta Air Lines,2030,10260,1,t,158,755,13810,MDW,t,10/11/2014,13810,t,October,t,2014-08-17 04:09:02.814664,2014-08-17 04:09:29.930944
8786414,144,45,2014-10-11 12:20:00,2014-10-11 15:11:00,Delta Air Lines,1648,11360,1,t,158,1347,13810,MDW,t,10/11/2014,13810,t,October,t,2014-08-17 04:09:02.828242,2014-08-17 04:09:29.940235
8786413,144,45,2014-10-11 13:35:00,2014-10-11 16:28:00,Delta Air Lines,2573,10260,1,t,158,1736,13810,MDW,t,10/11/2014,13810,t,October,t,2014-08-17 04:09:02.822904,2014-08-17 04:09:29.94789
8786387,144,774,2014-10-11 11:35:00,2014-10-11 15:05:00,AirTran Airways,231,28860,1,t,731,5316,31410,MDW,t,10/11/2014,15360,,October,t,2014-08-17 04:08:59.332169,2014-08-17 04:09:29.955886
8800680,144,45,2014-11-10 12:30:00,2014-11-10 15:20:00,Delta Air Lines,1648,10260,1,t,158,1314,13810,MDW,t,11/10/2014,13810,t,November,t,2014-08-17 04:28:34.469445,2014-08-17 04:29:27.562725
8800683,144,45,2014-11-10 13:50:00,2014-11-10 16:40:00,Delta Air Lines,2573,10260,1,t,158,830,13810,MDW,t,11/10/2014,13810,t,November,t,2014-08-17 04:28:34.485535,2014-08-17 04:29:27.571598
8800684,144,45,2014-11-10 15:27:00,2014-11-10 18:18:00,Delta Air Lines,1116,10260,1,t,158,1736,13810,MDW,t,11/10/2014,13810,t,November,t,2014-08-17 04:28:34.490769,2014-08-17 04:29:27.579787
8800685,144,45,2014-11-10 17:55:00,2014-11-10 20:46:00,Delta Air Lines,762,10260,1,t,158,1736,13810,MDW,t,11/10/2014,13810,t,November,t,2014-08-17 04:28:34.495969,2014-08-17 04:29:27.588056
8781464,144,45,2014-10-01 06:00:00,2014-10-01 08:47:00,Delta Air Lines,2030,10260,1,t,158,1276,13810,MDW,t,10/01/2014,13810,t,October,t,2014-08-17 04:01:26.223242,2014-08-17 04:02:15.517412
8781467,144,45,2014-10-01 07:00:00,2014-10-01 09:56:00,Delta Air Lines,2031,10260,1,t,158,755,13810,MDW,t,10/01/2014,13810,t,October,t,2014-08-17 04:01:26.23964,2014-08-17 04:02:15.528804
8781469,144,45,2014-10-01 13:42:00,2014-10-01 16:37:00,Delta Air Lines,2573,10260,1,t,158,1736,13810,MDW,t,10/01/2014,13810,t,October,t,2014-08-17 04:01:26.249808,2014-08-17 04:02:15.541602
8781568,144,45,2014-10-01 14:55:00,2014-10-01 17:45:00,AirTran Airways,114,11160,1,t,92,239,13810,MDW,t,10/01/2014,13810,t,October,t,2014-08-17 04:01:32.386399,2014-08-17 04:02:15.549872
8781564,144,45,2014-10-01 07:00:00,2014-10-01 09:45:00,AirTran Airways,214,11160,1,t,92,119,13810,MDW,t,10/01/2014,13810,t,October,t,2014-08-17 04:01:32.365086,2014-08-17 04:02:15.557763
8781567,144,45,2014-10-01 10:25:00,2014-10-01 13:10:00,AirTran Airways,112,11160,1,t,92,5919,13810,MDW,t,10/01/2014,13810,t,October,t,2014-08-17 04:01:32.381214,2014-08-17 04:02:15.565822
8796018,144,45,2014-10-31 11:20:00,2014-10-31 14:12:00,Delta Air Lines,1648,11360,1,t,158,2361,13810,MDW,t,10/31/2014,13810,t,October,t,2014-08-17 04:22:25.957277,2014-08-17 04:22:56.612954
8796282,144,45,2014-10-31 15:25:00,2014-10-31 18:18:00,Delta Air Lines,1116,22560,1,t,357,1556,29810,MDW,t,10/31/2014,13810,,October,t,2014-08-17 04:22:43.871072,2014-08-17 04:22:56.621806
8777371,144,774,2014-09-22 11:35:00,2014-09-22 15:05:00,AirTran Airways,231,12260,1,t,657,2192,14510,MDW,t,09/22/2014,14510,t,September,t,2014-08-17 03:55:54.393506,2014-08-17 03:55:59.902231
8776955,144,45,2014-09-22 06:00:00,2014-09-22 08:47:00,Delta Air Lines,2030,10260,1,t,158,1276,13810,MDW,t,09/22/2014,13810,t,September,t,2014-08-17 03:55:31.555494,2014-08-17 03:55:59.910568
8777062,144,45,2014-09-22 07:00:00,2014-09-22 09:55:00,Delta Air Lines,2031,11260,1,t,92,1400,13810,MDW,t,09/22/2014,13810,t,September,t,2014-08-17 03:55:36.198537,2014-08-17 03:55:59.918438
8776964,144,45,2014-09-22 09:45:00,2014-09-22 12:34:00,Delta Air Lines,2120,11360,1,t,158,2361,13810,MDW,t,09/22/2014,13810,t,September,t,2014-08-17 03:55:31.614926,2014-08-17 03:55:59.925849
8776956,144,45,2014-09-22 12:24:00,2014-09-22 15:19:00,Delta Air Lines,1648,10260,1,t,158,2361,13810,MDW,t,09/22/2014,13810,t,September,t,2014-08-17 03:55:31.562873,2014-08-17 03:55:59.933164
8776959,144,45,2014-09-22 13:42:00,2014-09-22 16:36:00,Delta Air Lines,2573,10260,1,t,158,1347,13810,MDW,t,09/22/2014,13810,t,September,t,2014-08-17 03:55:31.583666,2014-08-17 03:55:59.940463
8776960,144,45,2014-09-22 15:23:00,2014-09-22 18:19:00,Delta Air Lines,1116,10260,1,t,158,1347,13810,MDW,t,09/22/2014,13810,t,September,t,2014-08-17 03:55:31.589719,2014-08-17 03:55:59.950634
8776962,144,45,2014-09-22 18:06:00,2014-09-22 21:00:00,Delta Air Lines,762,10260,1,t,158,1736,13810,MDW,t,09/22/2014,13810,t,September,t,2014-08-17 03:55:31.602901,2014-08-17 03:55:59.957817
8777060,144,45,2014-09-22 14:55:00,2014-09-22 17:45:00,AirTran Airways,114,11160,1,t,92,239,13810,MDW,t,09/22/2014,13810,t,September,t,2014-08-17 03:55:36.180124,2014-08-17 03:55:59.966467
8777219,144,774,2014-09-22 06:25:00,2014-09-22 09:55:00,AirTran Airways,144,12260,1,t,817,86,14510,MDW,t,09/22/2014,14510,t,September,t,2014-08-17 03:55:43.156451,2014-08-17 03:55:59.97385
8791290,144,45,2014-10-21 06:00:00,2014-10-21 08:47:00,Delta Air Lines,2030,10260,1,t,158,1276,13810,MDW,t,10/21/2014,13810,t,October,t,2014-08-17 04:15:37.721919,2014-08-17 04:16:13.319416
8791294,144,45,2014-10-21 07:00:00,2014-10-21 09:54:00,Delta Air Lines,2031,10260,1,t,158,755,13810,MDW,t,10/21/2014,13810,t,October,t,2014-08-17 04:15:37.745722,2014-08-17 04:16:13.327607
8791299,144,45,2014-10-21 12:20:00,2014-10-21 15:13:00,Delta Air Lines,1648,10260,1,t,158,2361,13810,MDW,t,10/21/2014,13810,t,October,t,2014-08-17 04:15:37.775767,2014-08-17 04:16:13.336597
8791302,144,45,2014-10-21 13:42:00,2014-10-21 16:35:00,Delta Air Lines,2573,10260,1,t,158,1736,13810,MDW,t,10/21/2014,13810,t,October,t,2014-08-17 04:15:37.792937,2014-08-17 04:16:13.344509
8791305,144,45,2014-10-21 15:25:00,2014-10-21 18:17:00,Delta Air Lines,1116,11360,1,t,158,1314,13810,MDW,t,10/21/2014,13810,t,October,t,2014-08-17 04:15:37.809178,2014-08-17 04:16:13.352546
8791425,144,45,2014-10-21 18:05:00,2014-10-21 20:57:00,Delta Air Lines,1686,12760,1,t,92,306,18510,MDW,t,10/21/2014,13810,,October,t,2014-08-17 04:15:47.558608,2014-08-17 04:16:13.360338
8791395,144,45,2014-10-21 14:55:00,2014-10-21 17:45:00,AirTran Airways,114,11160,1,t,92,239,13810,MDW,t,10/21/2014,13810,t,October,t,2014-08-17 04:15:47.399082,2014-08-17 04:16:13.367731
8791394,144,45,2014-10-21 10:25:00,2014-10-21 13:10:00,AirTran Airways,112,11160,1,t,92,5919,13810,MDW,t,10/21/2014,13810,t,October,t,2014-08-17 04:15:47.3933,2014-08-17 04:16:13.375751
8787135,144,45,2014-10-12 09:49:00,2014-10-12 12:39:00,Delta Air Lines,2120,24460,1,t,137,316,29810,MDW,t,10/12/2014,13810,,October,t,2014-08-17 04:09:51.386575,2014-08-17 04:10:04.577077
8787138,144,45,2014-10-12 12:20:00,2014-10-12 15:14:00,Delta Air Lines,1648,24460,1,t,137,826,29810,MDW,t,10/12/2014,13810,,October,t,2014-08-17 04:09:51.403463,2014-08-17 04:10:04.585612
8787143,144,45,2014-10-12 15:25:00,2014-10-12 18:19:00,Delta Air Lines,1116,24460,1,t,137,2052,29810,MDW,t,10/12/2014,13810,,October,t,2014-08-17 04:09:51.431253,2014-08-17 04:10:04.597631
8787113,144,45,2014-10-12 18:10:00,2014-10-12 21:05:00,Delta Air Lines,1686,22560,1,t,357,1556,29810,MDW,t,10/12/2014,13810,,October,t,2014-08-17 04:09:50.369119,2014-08-17 04:10:04.605358
8796402,144,45,2014-11-01 06:00:00,2014-11-01 08:46:00,Delta Air Lines,2030,10260,1,t,158,1276,13810,MDW,t,11/01/2014,13810,t,November,t,2014-08-17 04:23:01.16198,2014-08-17 04:23:29.685511
8796403,144,45,2014-11-01 09:52:00,2014-11-01 12:39:00,Delta Air Lines,2120,10260,1,t,158,1695,13810,MDW,t,11/01/2014,13810,t,November,t,2014-08-17 04:23:01.169936,2014-08-17 04:23:29.694705
8796404,144,45,2014-11-01 12:20:00,2014-11-01 15:10:00,Delta Air Lines,1648,10260,1,t,158,1347,13810,MDW,t,11/01/2014,13810,t,November,t,2014-08-17 04:23:01.18009,2014-08-17 04:23:29.705415
8796405,144,45,2014-11-01 13:35:00,2014-11-01 16:26:00,Delta Air Lines,2573,10260,1,t,158,1347,13810,MDW,t,11/01/2014,13810,t,November,t,2014-08-17 04:23:01.186069,2014-08-17 04:23:29.714217
8796408,144,45,2014-11-01 16:55:00,2014-11-01 19:47:00,Delta Air Lines,1116,10260,1,t,158,1314,13810,MDW,t,11/01/2014,13810,t,November,t,2014-08-17 04:23:01.217131,2014-08-17 04:23:29.731486
8796460,144,45,2014-11-01 07:00:00,2014-11-01 09:45:00,AirTran Airways,214,11160,1,t,92,119,13810,MDW,t,11/01/2014,13810,t,November,t,2014-08-17 04:23:07.183447,2014-08-17 04:23:29.740155
8796462,144,45,2014-11-01 10:25:00,2014-11-01 13:10:00,AirTran Airways,104,11160,1,t,92,2189,13810,MDW,t,11/01/2014,13810,t,November,t,2014-08-17 04:23:07.198126,2014-08-17 04:23:29.747858
8801192,144,45,2014-11-11 06:00:00,2014-11-11 08:54:00,Delta Air Lines,2030,10260,1,t,158,1276,13810,MDW,t,11/11/2014,13810,t,November,t,2014-08-17 04:29:33.888387,2014-08-17 04:30:10.754243
8801196,144,45,2014-11-11 07:15:00,2014-11-11 10:06:00,Delta Air Lines,2031,10260,1,t,158,755,13810,MDW,t,11/11/2014,13810,t,November,t,2014-08-17 04:29:33.916232,2014-08-17 04:30:10.78088
8801199,144,45,2014-11-11 09:45:00,2014-11-11 12:35:00,Delta Air Lines,2120,10260,1,t,158,1695,13810,MDW,t,11/11/2014,13810,t,November,t,2014-08-17 04:29:33.940005,2014-08-17 04:30:10.807133
8801205,144,45,2014-11-11 12:30:00,2014-11-11 15:20:00,Delta Air Lines,1648,10260,1,t,158,830,13810,MDW,t,11/11/2014,13810,t,November,t,2014-08-17 04:29:33.980111,2014-08-17 04:30:10.820135
8801206,144,45,2014-11-11 13:50:00,2014-11-11 16:40:00,Delta Air Lines,2573,10260,1,t,158,1314,13810,MDW,t,11/11/2014,13810,t,November,t,2014-08-17 04:29:33.985445,2014-08-17 04:30:10.834361
8801209,144,45,2014-11-11 15:27:00,2014-11-11 18:18:00,Delta Air Lines,1116,10260,1,t,158,1736,13810,MDW,t,11/11/2014,13810,t,November,t,2014-08-17 04:29:34.001934,2014-08-17 04:30:10.850701
8801210,144,45,2014-11-11 17:55:00,2014-11-11 20:46:00,Delta Air Lines,762,10260,1,t,158,1736,13810,MDW,t,11/11/2014,13810,t,November,t,2014-08-17 04:29:34.009742,2014-08-17 04:30:10.859717
8781983,144,45,2014-10-02 06:00:00,2014-10-02 08:47:00,Delta Air Lines,2030,10260,1,t,158,1276,13810,MDW,t,10/02/2014,13810,t,October,t,2014-08-17 04:02:20.887711,2014-08-17 04:02:58.240094
8781986,144,45,2014-10-02 07:00:00,2014-10-02 09:56:00,Delta Air Lines,2031,10260,1,t,158,755,13810,MDW,t,10/02/2014,13810,t,October,t,2014-08-17 04:02:20.904915,2014-08-17 04:02:58.249711
8782306,144,45,2014-10-02 15:25:00,2014-10-02 18:19:00,Delta Air Lines,1116,22560,1,t,357,1884,29810,MDW,t,10/02/2014,13810,,October,t,2014-08-17 04:02:40.524166,2014-08-17 04:02:58.258997
8777478,144,45,2014-09-23 06:00:00,2014-09-23 08:47:00,Delta Air Lines,2030,10260,1,t,158,1276,13810,MDW,t,09/23/2014,13810,t,September,t,2014-08-17 03:56:05.896983,2014-08-17 03:56:39.365958
8777480,144,45,2014-09-23 07:00:00,2014-09-23 09:55:00,Delta Air Lines,2031,10260,1,t,158,755,13810,MDW,t,09/23/2014,13810,t,September,t,2014-08-17 03:56:05.909027,2014-08-17 03:56:39.373774
8777483,144,45,2014-09-23 09:45:00,2014-09-23 12:34:00,Delta Air Lines,2120,10260,1,t,158,1695,13810,MDW,t,09/23/2014,13810,t,September,t,2014-08-17 03:56:05.924194,2014-08-17 03:56:39.381221
8777488,144,45,2014-09-23 12:24:00,2014-09-23 15:19:00,Delta Air Lines,1648,10260,1,t,158,2275,13810,MDW,t,09/23/2014,13810,t,September,t,2014-08-17 03:56:05.949976,2014-08-17 03:56:39.38978
8777489,144,45,2014-09-23 13:42:00,2014-09-23 16:36:00,Delta Air Lines,2573,10260,1,t,158,2275,13810,MDW,t,09/23/2014,13810,t,September,t,2014-08-17 03:56:05.955626,2014-08-17 03:56:39.397833
8777492,144,45,2014-09-23 15:23:00,2014-09-23 18:19:00,Delta Air Lines,1116,10260,1,t,158,1736,13810,MDW,t,09/23/2014,13810,t,September,t,2014-08-17 03:56:05.970836,2014-08-17 03:56:39.405198
8777493,144,45,2014-09-23 18:06:00,2014-09-23 21:00:00,Delta Air Lines,762,10260,1,t,158,1736,13810,MDW,t,09/23/2014,13810,t,September,t,2014-08-17 03:56:05.975735,2014-08-17 03:56:39.412225
8777586,144,45,2014-09-23 14:55:00,2014-09-23 17:45:00,AirTran Airways,114,11160,1,t,92,239,13810,MDW,t,09/23/2014,13810,t,September,t,2014-08-17 03:56:12.854736,2014-08-17 03:56:39.419801
8777582,144,45,2014-09-23 07:00:00,2014-09-23 09:45:00,AirTran Airways,214,11160,1,t,92,119,13810,MDW,t,09/23/2014,13810,t,September,t,2014-08-17 03:56:12.834455,2014-08-17 03:56:39.427353
8777585,144,45,2014-09-23 10:25:00,2014-09-23 13:10:00,AirTran Airways,112,11160,1,t,92,5919,13810,MDW,t,09/23/2014,13810,t,September,t,2014-08-17 03:56:12.849888,2014-08-17 03:56:39.436282
8791922,144,45,2014-10-22 10:25:00,2014-10-22 13:10:00,AirTran Airways,112,11160,1,t,92,5919,13810,MDW,t,10/22/2014,13810,t,October,t,2014-08-17 04:16:24.549954,2014-08-17 04:16:49.219371
8796774,144,45,2014-11-02 07:15:00,2014-11-02 10:06:00,Delta Air Lines,2031,10260,1,t,158,755,13810,MDW,t,11/02/2014,13810,t,November,t,2014-08-17 04:23:34.676467,2014-08-17 04:24:02.159235
8796772,144,45,2014-11-02 06:00:00,2014-11-02 08:54:00,Delta Air Lines,2030,10260,1,t,158,1276,13810,MDW,t,11/02/2014,13810,t,November,t,2014-08-17 04:23:34.664641,2014-08-17 04:24:02.172674
8791817,144,45,2014-10-22 06:00:00,2014-10-22 08:47:00,Delta Air Lines,2030,10260,1,t,158,1276,13810,MDW,t,10/22/2014,13810,t,October,t,2014-08-17 04:16:19.038097,2014-08-17 04:16:49.183849
8791820,144,45,2014-10-22 07:00:00,2014-10-22 09:54:00,Delta Air Lines,2031,10260,1,t,158,755,13810,MDW,t,10/22/2014,13810,t,October,t,2014-08-17 04:16:19.054326,2014-08-17 04:16:49.192637
8791822,144,45,2014-10-22 09:52:00,2014-10-22 12:41:00,Delta Air Lines,2120,10260,1,t,158,1695,13810,MDW,t,10/22/2014,13810,t,October,t,2014-08-17 04:16:19.064857,2014-08-17 04:16:49.202195
8791826,144,45,2014-10-22 13:42:00,2014-10-22 16:35:00,Delta Air Lines,2573,10260,1,t,158,1736,13810,MDW,t,10/22/2014,13810,t,October,t,2014-08-17 04:16:19.085494,2014-08-17 04:16:49.210626
8801709,144,45,2014-11-12 06:00:00,2014-11-12 08:54:00,Delta Air Lines,2030,10260,1,t,158,755,13810,MDW,t,11/12/2014,13810,t,November,t,2014-08-17 04:30:17.202787,2014-08-17 04:30:47.718559
8801712,144,45,2014-11-12 07:15:00,2014-11-12 10:06:00,Delta Air Lines,2031,10260,1,t,158,755,13810,MDW,t,11/12/2014,13810,t,November,t,2014-08-17 04:30:17.222538,2014-08-17 04:30:47.732812
8801714,144,45,2014-11-12 09:45:00,2014-11-12 12:35:00,Delta Air Lines,2120,10260,1,t,158,1347,13810,MDW,t,11/12/2014,13810,t,November,t,2014-08-17 04:30:17.232828,2014-08-17 04:30:47.745351
